customer_id,customer_unique_id,customer_zip_code_prefix,customer_city,customer_state
22a55cf2-8eed-41fc-a421-862d7620e03b,62850a7d-3556-4f45-a17d-385b1add7bf9,75233,Dallas,TX
51b99fd2-c651-44d1-9671-ca9213074e32,4313efae-a98f-42ca-9314-efe052e1c7d2,10098,New York,NY
7f328f15-0e55-46c5-9e1b-c174e55b5294,58008929-27c9-4f5d-9a72-65362056a143,10020,New York,NY
752e50d6-3811-40d4-9be2-511e93382a03,46f464ce-503c-4bba-afeb-a3838d91c7c8,10033,New York,NY
a76c46ef-b133-4b4a-9586-5c1135433354,f2505162-352f-4018-85a2-60bd69852950,10084,New York,NY
ff1cf5b3-cebb-4690-8e22-44ce074be667,6ff3f3ba-9bb1-4af4-9229-03e1ab43b517,77029,Houston,TX
6237f4dc-e65d-422b-a910-f13760b72f05,25fadb13-b124-43b6-a7cc-cac5e491ac6b,92190,San Diego,CA
1dbe6340-63b5-47f0-b960-f6218d264db5,96b09dd5-edb5-4f31-b63d-3c675861ae29,10017,New York,NY
1f016388-8eeb-4db5-8617-448ec8cc88d7,301bc2da-9083-43fc-9eeb-6b49b0df0f46,92165,San Diego,CA
0c3ab0f3-33cc-4f35-b902-436ea56f9f53,01b3b706-75a4-4218-b347-63ae3be84e2c,85022,Phoenix,AZ
9e8f29ff-d8a9-457f-bf2f-797d978641a9,a9241f2e-f834-4f69-9eb7-e2bb84a4b37d,10075,New York,NY
3441a5bd-4161-418c-b555-b709c3dd0973,2f9725bf-4e2f-4df7-93ae-56cadf8ecadc,78247,San Antonio,TX
84599316-a2f5-4d34-baa2-2c332654bf40,fea139a5-d1d3-4d03-b1d9-bb869a6f8fcb,78265,San Antonio,TX
0852f052-c72c-4b08-9b61-f75f98cd3c8c,f13c8044-e411-47bc-88a1-7457376116f8,10039,New York,NY
2e400bf0-4918-463e-aee7-2e46b469d43a,75d39abc-8ecd-4a6c-93d7-52f6114642d2,75213,Dallas,TX
59cb3fb0-c67d-4a2f-8d18-9a2770bdc8a3,51d6a497-7add-4954-9012-eb796749d4c8,95197,San Jose,CA
cc02518c-6287-445c-977b-39aacec83ca7,a91ccc0f-4505-4a3a-9054-2bf62d7c78ba,10001,New York,NY
216699f4-a78e-4a26-8488-cee0aa79f978,c616321e-af10-4c8b-934c-c6fccd37a9d6,60076,Chicago,IL
f27b41f2-8179-48b9-814c-9710e7108421,c21cd37c-5830-4da3-ac03-a2937a7fb594,85016,Phoenix,AZ
018c7aac-8b30-4740-870e-7fca2ffb588e,60586e21-776b-49d2-98ab-2f42f2c2798e,60001,Chicago,IL
77dabc8e-d6a5-4359-8a93-c1bf381e2bef,624a1d96-6f71-4967-b4c7-08a67b364dc1,75266,Dallas,TX
4d3103ab-197c-45e1-a252-2dcc1fb14583,d764e1b6-e184-48ae-b7d0-9ad3fd32bd62,60086,Chicago,IL
54bb0f54-5d5d-46ee-9699-9f4192fc7e9a,373efa1a-f9b2-4fb8-8af0-3cba2e749a93,19090,Philadelphia,PA
ed5086fe-2c19-4509-8679-9d2dc5473549,f9468f3e-d350-4cdc-83b8-d71f5670a392,10086,New York,NY
ac736c7d-bae7-411a-a6a8-829e28285116,1170ccd1-da1e-4055-8111-0078466254c5,78292,San Antonio,TX
9b814f31-cf74-42de-8182-1436725d25e4,22cd650e-e9fc-4a56-b716-a5cc446fa621,90079,Los Angeles,CA
dd603edc-ec82-44b2-ad33-cac9e961c76c,5e39923b-a702-48f4-b593-44d34ababa13,92114,San Diego,CA
7352f6b4-4198-4dee-b0dd-c5273da9be18,62d341cb-2bfd-4719-8bcc-7156bab29e38,85020,Phoenix,AZ
160d8225-56d6-4e78-b54a-1066a2800336,6451420a-5b89-46a7-82b6-02075ad62b3a,10040,New York,NY
93ba7b92-714d-42a4-9ef0-e9159986ae78,14b6d06b-13dd-4f03-b3be-ccfb9faeb770,60051,Chicago,IL
7df5903f-e20c-41b5-9e66-a7b63d69da8b,3ff97579-f9e8-4680-b0ed-cba34de2b89b,90057,Los Angeles,CA
1480d3f8-5fa6-4f3a-be40-e7d5c76bb3c7,0f23106b-18ee-4e51-96e5-ace145af62f9,78215,San Antonio,TX
7e99ae17-83db-4b63-bbb8-4d8a485b3491,84f8c991-bf18-4bab-bb5e-30c323602840,85041,Phoenix,AZ
5ba8f51b-0312-4316-8b3d-bab965f8a47f,c7dac003-a0e2-4255-96f8-70785b85af9a,90020,Los Angeles,CA
28fc4db4-7b42-4c31-8c58-eff1957ea49d,6b5765fe-5b99-4fa7-a2a2-cbab0cb59e07,10051,New York,NY
7b43c89d-231e-44e0-ae2b-a4925017040e,298bf9b9-9f58-4486-b52d-5d72bb80af28,60084,Chicago,IL
cfc2cb50-65a8-4ebe-8a47-cac1dae6961f,dc986f49-39aa-4cf3-9591-94c0a6e4c52e,95158,San Jose,CA
81c21334-916a-4017-b2cf-36cf2b0bd018,2132bce3-411c-40b2-9d2b-629742de0579,85039,Phoenix,AZ
a02d9928-423c-4d8a-9357-4059c153a0d7,26e0471a-7405-4424-b5a3-9dc54a228d6d,10051,New York,NY
e5d7a241-74b0-4eb8-a73a-b2fcd47fe0f7,d94015e9-83cc-4996-9ab3-d7f992bf53b2,90086,Los Angeles,CA
cd0278e1-1861-4a63-802b-df569511371a,e9f3cc0d-78bc-4a12-8154-c350c2496a54,78291,San Antonio,TX
c7a4e60b-e9e4-48b7-9325-937c9d6db179,497f190e-2f7e-463f-a52f-ce34318cb38e,10065,New York,NY
716c0930-91c8-40be-a32c-93a473d2ebe1,09ae3697-8a6d-4187-a41f-3ad3cd552e4f,95179,San Jose,CA
90d25f8d-a5f5-427b-b938-499cdd8d7bc2,f11db0ea-1e24-422b-8b82-609f6f133305,19050,Philadelphia,PA
f2d41eef-763b-4308-a0bf-0ddca8ad2970,07c692a8-a19e-4620-85de-c9cfeedaa82b,78241,San Antonio,TX
8dbc7447-f0fb-4dd6-b44b-fdca0d498b0c,707ca546-fdc7-41c6-901e-cc0798b40b16,90041,Los Angeles,CA
076f5236-f3ee-4ed4-8f3f-6102a06f15ab,f55db217-4e91-4b8b-85ac-e71446518045,92156,San Diego,CA
895f90f2-9ddb-4fe5-971c-c96dc3b4bbb3,828bdac3-60c8-43a9-b3be-18cfb461f581,75222,Dallas,TX
a615dfea-14c5-4eff-8ab0-503fbda5dcf5,81eba919-153e-483a-b8cb-56227d1a03ea,92127,San Diego,CA
fe870e1f-d7fe-4020-a3aa-a8518ce56e03,93191139-0f8b-4dbf-86c2-ab7ac2ff20ab,60090,Chicago,IL
57c4dcd6-fa62-47e2-b6b7-ced0fc434a62,24391c6d-858b-4843-8856-69f422d96c1f,95118,San Jose,CA
4fd00784-5d02-42f8-9e2a-c44c5770c29b,70962c38-eef9-4afa-bccc-82a1c7d8ff38,77088,Houston,TX
2123ee81-712c-453a-9d05-a1ff1722c606,260d0e58-d49c-4f94-9595-4c36b54a4814,85056,Phoenix,AZ
510351f5-744f-4903-8749-96623e19f3ea,1cf0b7ed-b25d-496c-acf5-07216ff490ec,10053,New York,NY
ed94c4db-13b0-4f04-acc4-33195c5f1b89,6691ed48-4a07-43b4-81c7-ef5f9896014b,10029,New York,NY
c80f0c46-e9eb-4fef-8f4b-a5615081bff9,c8cbae22-0f28-4ffe-a8df-da83464a0eb3,75265,Dallas,TX
b82beeaa-9209-44d3-a591-bd76f68b3c0e,e9ff1f18-5ca7-4019-b409-c544bc3e9bb7,75222,Dallas,TX
58b920e4-d396-469e-9691-b7059aa6b73c,c1e18898-d60a-4701-a4dd-773273194cfd,75299,Dallas,TX
b0293c83-a21c-4e0e-8e7c-a4b1dc4f07f4,54900d46-db09-4392-93a2-7b729bfa966b,92167,San Diego,CA
0e02f605-84c7-4792-8c2c-f0873b0caabd,65e7a646-6049-4ba3-98a0-d5f34826548b,60038,Chicago,IL
38947925-bf24-4f4d-8570-22e6c8f353a9,d1302529-b5e0-4374-9d30-78f88c3b75f0,10026,New York,NY
9ce37675-364c-4ddb-93cf-9eb0909945c6,7e05f4c6-69bf-4881-9f0b-572a1a92b19d,75206,Dallas,TX
bd78b76e-113e-4ba3-9b8b-03c5f6ecfc72,0e8082a3-d953-4cf3-8858-b0ad9da68380,60065,Chicago,IL
1dbe2797-a1db-4e4f-99bc-293500ab8704,e8e02554-74c1-4720-bad4-8309417813c8,78271,San Antonio,TX
d6b53489-d42b-40c1-8a20-0f42d31ed56e,3a659899-13cf-49d5-98ca-b6838e6ffbf6,10049,New York,NY
9014cf6a-ed5a-4d9e-acbc-13834f7b9432,b57fd33b-9ce0-4b12-adbc-a9ea4e1b8b26,19064,Philadelphia,PA
69840819-9c66-4e68-ac14-6db8e184fdb8,b9a58bdd-c7c8-422a-b9dc-1a59fe3c858b,95105,San Jose,CA
f8c1ef0a-4773-4267-873d-5b83a769607d,61d94d77-a1f8-48c4-955b-d9ffcf136c33,60014,Chicago,IL
be7939e1-41c1-4604-ada3-eb14021ffcdd,462c1bf0-3093-4fc6-8722-2527c4edbc50,19016,Philadelphia,PA
945ceafd-743b-4ccf-95f0-37087062d6c5,640b99c3-107f-43f3-a3cf-e49edc583f20,92159,San Diego,CA
c704db32-142e-434b-b93c-4f27067cff57,f59abf6b-aa70-4a54-a301-d8e2b2af3ce9,19059,Philadelphia,PA
fcd74024-b43a-4ce8-940b-2eeef7886e87,e3fc5559-edfe-47ca-94b5-dd93b5cfebb8,85041,Phoenix,AZ
1f21ca3e-0318-4c89-8009-6bb919e3bce3,acbae0d2-8f0b-48b3-b04c-7196a102d448,95162,San Jose,CA
d01b1f18-a371-40b4-b25d-754b325a442e,92583ac4-f8c0-4d18-a682-898a3b01b802,60006,Chicago,IL
11b695ea-103b-4e49-9eff-9019d6b0704e,e1fe693c-2113-4860-b746-9daa91780834,75244,Dallas,TX
db90484c-1146-4fec-abd4-efe21de44429,69f03b65-8145-41b6-8590-1e5991761e31,75230,Dallas,TX
70dc982e-4523-443c-a1e8-958820c95125,e0c4c007-7d3b-40c8-9ea4-2ef9f903b440,75201,Dallas,TX
82f6541c-67a7-4779-b8a9-2f36c4f717ce,fc166714-c511-40a5-a9e5-337f35e1fa84,85079,Phoenix,AZ
2f1debda-044a-41be-9df2-b45fcc0b0482,215dd512-aee3-450b-ab2b-db65f31ffd33,60005,Chicago,IL
076295c4-31c9-4505-a272-5bebf7b7b0f9,ed69c6fb-4204-4555-9d65-11b3699fee21,75266,Dallas,TX
12ac594d-8cf2-44ba-8f5a-ff6be7e19ba0,39447417-c302-40d8-acc0-231011f6f5ce,90078,Los Angeles,CA
248392ae-219f-4ace-9c1d-87002d4ee4d4,e8497bd9-3301-441a-815b-e3465573e3c3,90011,Los Angeles,CA
cac106ef-0a85-4c0e-b49e-b703c73fbe7b,b38f2552-bf78-47bd-9027-7c0f01f7e661,90062,Los Angeles,CA
fdff79bd-18f3-42e9-a778-77fade266aae,02f99bbf-efe0-4432-a177-7ec377ceb4ac,90061,Los Angeles,CA
fee83d89-f3ff-4522-84e1-86551d2764d3,ba7c90fd-3858-49c8-8e9d-1443ce1fac94,60035,Chicago,IL
9f2572aa-7e38-48d5-b95a-ec40e2736ff7,f88290e3-a61b-48ba-8dfc-14aec6b071b8,90020,Los Angeles,CA
50b8cc19-587f-4574-9f9f-dd1e87899de7,f836d5e0-db7e-4a1d-855c-7a7d38710cd2,10040,New York,NY
9b7fbee7-9f39-412c-98b6-efaf1e79ee9c,5dbb4fa7-7863-47f0-8b30-46b6e75c3029,77055,Houston,TX
27c1e197-43ad-4598-acdd-1b5008c29adf,56dc768a-bd18-40f9-8bfa-66e7f5af6560,95182,San Jose,CA
7091acdd-df83-4780-bbef-3a4f9dd6db09,661046cd-22e7-4e5d-8031-1ad86dec1de6,75289,Dallas,TX
a8cc633e-b3a5-4d77-b0a1-d2ea17c26d9d,e34767d1-a566-47eb-becc-8494f368b10a,95118,San Jose,CA
3d981fae-5116-4edd-ae07-33c3b1d134ae,b902aacf-4a55-4be4-86b6-c5484186def2,90086,Los Angeles,CA
c8bda8b5-ed6f-4f0a-97e6-290ab36898f0,598c7223-01c5-47f9-9982-2677710a98a0,60085,Chicago,IL
fff2816a-cf0d-4415-85e9-ed6e6d702917,bc0578df-8b5c-475c-b962-b80b37406791,60048,Chicago,IL
bddaeca7-935c-4c6a-a9f5-68061a11d0b0,c090d62d-e51a-4b1b-a44b-443a21b79338,19097,Philadelphia,PA
f2220440-7919-4e8a-9a86-85457ef8f0f6,a5c746e0-33d0-4145-adc9-f21fb378e562,77040,Houston,TX
bd09a3c1-d559-45f0-bc7b-1c4ca2df082b,bf98a26b-8462-4d83-adf2-b1963502b6ee,60097,Chicago,IL
69dfcb26-d539-43cb-a3f9-3d5c143d7db5,84ad357e-101c-4b61-8584-f4c5f0c753f0,10008,New York,NY
320590a8-834c-44ac-a4e5-ba664df9d696,bcf0651e-5157-49e7-9272-c2c3d3ecdb8a,78201,San Antonio,TX
5ef0c9aa-bc29-4dd6-a5b1-400d0598f8d7,1c40bdc1-d5a1-4435-8e8a-591b061f6905,85041,Phoenix,AZ
e8cc50e7-2f8d-405a-8e14-9bc10a1e90ce,324d899c-0d16-46e1-8638-288fb6fec5fb,78297,San Antonio,TX
c06d63da-96c8-49cb-9f19-a11258ca3955,d365353a-0752-4ac6-933c-714645f7c06c,78291,San Antonio,TX
b14d4cc4-589f-4b48-bdd0-b6ff56e55811,09ed54e9-e80d-49df-add4-170d53352772,77065,Houston,TX
74a47f52-8603-45ee-81cd-f3970e338ae8,8b41bcd8-6249-4d3e-b959-eea953c9308c,77082,Houston,TX
af9f7916-27a6-4d68-9447-3b684df378dc,7c07c425-b57f-4a15-8beb-9fc153e25269,75229,Dallas,TX
5de0c593-f2d9-4845-b109-7945ea66f4d4,520c67b2-ccce-4068-848f-35c4a5d3920c,78280,San Antonio,TX
dc7592b6-5186-48d2-bbf3-e97f3e6c0c81,b16e049a-8bc9-4d2a-909a-bd5cc12d5060,92157,San Diego,CA
a9ec7ecd-992d-48b6-8b68-ee5ecf0b33e6,887f10be-d13a-49a9-b142-2b11535dbedb,60079,Chicago,IL
91a2e5fb-0395-4d09-846a-a73391abea2d,504e0ce2-e60d-47d2-abf7-28bd866b0ebd,92126,San Diego,CA
bb521621-5d1f-4732-b036-110137929233,a4718517-ab8f-4439-93da-59bf5953c47d,85069,Phoenix,AZ
a637997d-ae69-4a78-80c0-3579f8711c08,8b96c77b-d75d-489c-a291-0eb643d61bda,90076,Los Angeles,CA
5cbce2ee-a6fa-4d95-970b-c9e585a8a536,34093564-0eae-482e-9bcd-bdf5a2f37d6d,19048,Philadelphia,PA
12558ae6-581a-4003-a1ea-104cbbbbc8ba,49935b9a-62be-4b5d-9f18-0af9b487423a,78286,San Antonio,TX
4d1a4c5d-fae8-406e-9e14-c3298004dd15,8abd13d5-cad8-4e43-ae7c-cf7e55474c7d,92127,San Diego,CA
4561a04d-cc14-49ad-8cf3-7d27d2d453d9,fd049c1b-c34e-4045-9656-fc62f495ded8,92193,San Diego,CA
341b58e4-2a75-4abf-bae6-aedd1334b737,25d01acc-f510-4846-bb07-cf717d0e5ac0,92194,San Diego,CA
07f06e23-67c2-41c8-93ce-388c9a992b6c,3a828207-7d12-4098-b77f-4c804e8289af,10043,New York,NY
d88fea14-7cfc-4956-b462-555988510f0d,9fdefd4b-da7a-49a7-a7f1-87358fe47c49,78286,San Antonio,TX
9cef87fe-3987-4595-9ebe-064224b25b14,bcfc7452-7d6b-46a7-a39c-7e240c273ebe,78242,San Antonio,TX
c7aeadff-c7c6-48fc-a593-c6b2dc8be165,dc496c96-bf6e-44f2-a307-d6be033755c6,90033,Los Angeles,CA
62b4e760-c8d3-4c1b-892d-fbdc22d923c1,ff5febf7-8674-4bf4-b55d-eccde50447fd,60063,Chicago,IL
0354bca4-5ff5-435f-831b-17579dd861f8,5e0b87b4-a1a4-4e44-bfe7-5739f6bca417,77091,Houston,TX
cb0ac48a-dc64-44cb-a740-d4faf12f644b,a1a7f1d5-d38a-48d6-9ed1-38d99eb9afb0,75257,Dallas,TX
e455f0e0-374e-4edb-a54f-30bad3483202,646ed5e2-4d5f-4122-9f22-fbd58992ddff,60064,Chicago,IL
b2561615-0d15-4a2b-9e07-f52881f97abb,15ab80f7-5dc4-4be1-845e-2a61431a0c0d,19017,Philadelphia,PA
028dfb52-7742-41b6-b6ef-1f83673e4b0d,8b60ba84-0101-45ad-a743-ca80753bae2c,78269,San Antonio,TX
ec2017d7-b11f-4134-ad25-fa966a46dfe6,52457025-1268-4d7b-958f-d322b0798cb9,78214,San Antonio,TX
304fc8d7-a8da-4625-a57c-f629bef541c9,346d3c57-a9bf-489c-ad65-4771a2e16550,19026,Philadelphia,PA
90b5703c-a282-4573-85ce-33e0b5928b8a,38ef1dbe-c699-4f07-9d97-a454a8c9b0b8,10089,New York,NY
2725dec9-326e-4522-9f86-d72d3200210f,fdde7101-757d-494e-a5bd-48bee0fe200f,77076,Houston,TX
68b54dac-9d42-4fc1-bee2-793339419721,77ff9452-aa12-4111-a41b-84c3251679ab,92141,San Diego,CA
f4f05459-43c9-4545-a1b5-71ab398dd21f,266e4f2a-369a-4a9f-aec8-15b1189b243b,90028,Los Angeles,CA
e8230eef-b662-4e3e-8501-305206b0c15d,358b07cd-4a5c-455d-8672-f257860f6670,95128,San Jose,CA
e8444bf9-5c31-4723-ae5f-bbe847dbc55b,6252badb-2f44-4884-ac2f-257c1e3a1d83,19091,Philadelphia,PA
456c4575-71ef-4dca-bfd3-c4be724e7623,cddae08e-9ca7-49b8-985b-5b1537ba31b0,75250,Dallas,TX
aab27afe-18c7-4986-bcd9-19e56adbd2dd,9a7bb847-0e12-4452-89b1-759e561f4a9e,90035,Los Angeles,CA
c85dc553-abb6-4729-b102-2cff5baeb17b,65eded81-c4f7-40fd-8a70-aabea70b9321,10036,New York,NY
dcea707f-91f7-429a-ade2-de7130cd1f03,3f281fbf-3462-4d84-948d-c0527d1014ef,19019,Philadelphia,PA
aa16749f-3ebc-496f-8838-7c05658edf94,30046fad-f190-4310-a059-d7dc54670974,92155,San Diego,CA
e7ea57e8-fbb1-4d06-89d4-2a7af778d1c4,f829fdf6-a43f-4927-af18-98f942b4ed89,95140,San Jose,CA
c9d11d17-f5cb-4694-b14c-a420cf97ba7d,201b1cac-e161-48f9-a3be-86e4a6858d4c,19081,Philadelphia,PA
1704e241-460a-4640-b1b1-6a45b18807fa,575e71bf-66ca-4096-b9b6-eedc550ad748,19010,Philadelphia,PA
ad1924c4-504e-44bd-b0e3-42036cc71172,486d013e-a490-43ac-9535-2275c5cd9e79,85064,Phoenix,AZ
60cd8c8c-328c-4c45-97e3-67be35429dbd,9005102f-cb3d-4d8a-b2a2-dc8f117805b9,95128,San Jose,CA
a8a143b7-7fa9-4560-ae24-924d563ef0d7,f2299c78-27db-43af-bf2f-d524fb422b30,85017,Phoenix,AZ
c64c30f5-abdc-47a5-9751-e3381bd5ce64,541962e1-e87f-4fd0-9010-a5da317d20eb,95148,San Jose,CA
ea387d9a-cbcb-48c4-9351-2fa03769f034,071fb0eb-da52-4fb6-9145-4eb1fc4c998d,90050,Los Angeles,CA
aa22946e-8cbb-43ad-bf45-d8272b76d784,283bd465-b4bc-4d55-8933-d9121a1f9efc,10057,New York,NY
691e78fc-366b-4914-a8f7-2e246acf19ef,8032248d-8b2e-4576-a5e1-5d4d9f5a82b8,60064,Chicago,IL
293047a9-bb7d-4054-8bc3-713ae6f8c64b,41a42b5b-3a02-44dc-a01c-a3d34f033a38,78241,San Antonio,TX
8e7034b0-69fc-481c-8715-4a8d4351e6c5,844f7bb0-c4f1-4d18-b85e-a731242a66e7,92135,San Diego,CA
b8913222-df87-43aa-8517-0f2bfeb002ab,5a885a54-a33f-442c-8324-69869062256a,95177,San Jose,CA
38628977-2f2b-4165-973c-0cef6ca6273f,5fa61237-6983-43cf-8a7c-102ffdc3c33e,10000,New York,NY
e8908eba-96a1-4949-88c6-326f6f3ae399,7b39a5bd-c750-49a4-b080-990f344f2b39,19066,Philadelphia,PA
d157fb45-74b2-4bf4-b97b-3eab769abbdb,171aac5d-c18f-4da9-a565-36fa87afbc86,10007,New York,NY
a0c3c3a8-779c-415c-b22f-18493945fb3d,04ab92cc-bc94-4544-94fd-8965501b96d4,19062,Philadelphia,PA
1b50d78f-b50a-47c4-a18f-9a92bb379ce8,4d01db28-6e50-4ae7-971b-3592629383d7,78224,San Antonio,TX
1afa9d2d-4ab9-4f9d-8a97-04e6c580d395,4b86e920-440a-4c94-b664-9050969ab602,78205,San Antonio,TX
0987e782-cb2e-4ac9-9721-c0d35a2550b7,a3c0840b-3a09-4474-a65c-1a381f7bfd86,90030,Los Angeles,CA
ff2f5eda-2abc-452d-b243-766251ee51b1,4ee9dbc7-9144-4c11-aa84-f8e815119408,19030,Philadelphia,PA
3c3ba144-0e51-4049-870e-3ba7846730e4,caa7224a-a4fe-4e9b-99dc-28ffc718ca9a,90057,Los Angeles,CA
40c0a797-16c4-41a4-8313-d07f0aaee6ac,13ff11af-ec23-412b-8386-72905e336665,92198,San Diego,CA
6d555ec5-bb4a-40f0-bda5-7b321f5014f5,0fccb611-c6f0-4838-8686-dd99c25daa27,60055,Chicago,IL
7a54a4fb-7b6b-4f96-ba8e-b9989659d13a,9933d99c-c384-49eb-9574-75c9033928d4,90041,Los Angeles,CA
5d061530-46d9-4ce1-a000-7e90fdecea05,70b0b49d-143f-4983-8e4c-fde2f0f56f7d,10059,New York,NY
bd86918c-fba9-4ab4-bd84-552a1997d345,248d70a7-489e-423a-8eed-55e5e46cae94,77069,Houston,TX
70edb04b-a1e9-4205-8b22-17573a4ed2aa,8cbeb465-44b2-4d62-b781-671f9b13a816,75289,Dallas,TX
37edce74-7aaa-4e54-91ae-4cdd6a7b3242,342e9aba-0ab8-42d6-95e2-25e9020b1cf4,19041,Philadelphia,PA
4f6ab69b-b1b1-436e-8902-8deaa35a4531,faae26c9-5806-4387-bafd-35a2cb2d99d5,19042,Philadelphia,PA
9e21f4f8-b7c2-482a-aaa1-8729f1ce89b9,150b102c-7735-41fa-80d6-87d0fe76d032,77099,Houston,TX
0cdd177d-cd20-4005-a95e-bc13c7f05a98,46c4e1c2-9a67-4e92-9fef-1eed970b0702,77018,Houston,TX
ed08feb1-75ea-4674-a7f4-9a851a9503ca,50b50c4d-5e8c-430b-92b5-2d9c9642464a,75288,Dallas,TX
fb41ec42-4d80-4f67-befb-a3281ae0f306,c4cffc4c-ef0d-4812-b190-4dc11ff2c685,90013,Los Angeles,CA
d625024f-429d-4727-86d3-7a7906d8978e,8df8b784-0056-4eb3-9f09-d7bf028ff78a,95186,San Jose,CA
f2f4848b-dffe-4efa-b664-40786e51bb58,cc2581d5-7751-43a2-aafe-1e3cb6e3d554,85007,Phoenix,AZ
fbad2415-20d0-4e37-a92e-6b23c510e969,bf47ba2b-c288-4a69-a029-d8fd41fa04a3,78261,San Antonio,TX
ed8325ae-31aa-4823-816f-837005b113b7,944372f2-374b-4b89-a4d5-2ffce651c143,92110,San Diego,CA
a8022085-adde-4959-8570-fbd5edb438f7,ab343cc8-9992-44d6-a46f-691ae672e53e,60042,Chicago,IL
4a3805a8-a09e-45ff-b3e2-c326ee2808f3,b63ffebb-ca30-4838-a344-143b50f21c37,90066,Los Angeles,CA
55447d1f-c337-42fd-92c2-9acdd9fa9ec9,8305c02e-954a-4679-80e9-f19ab40b1f75,78221,San Antonio,TX
5caa0612-52dd-4594-b828-ad78df1ee711,20e046bc-73a4-4457-8b36-3c68ca622e51,78244,San Antonio,TX
ea881b03-2279-497c-9a04-b58939cbd7df,b3b5d17f-2769-4b44-941b-645f61c96cac,10003,New York,NY
b24fe70f-1f38-4994-a456-b6cd68638964,a39b8da8-b3c1-48bc-8db6-fe577b1d1c04,95130,San Jose,CA
5985d347-d227-4417-95af-6c41e2395c6d,2beea8be-5f66-46be-8123-8d6d7ac33874,78256,San Antonio,TX
f0055e2d-8c19-459e-a558-0a8f4a659d20,6925b079-b8ae-4c00-89d3-c241031d71f1,19027,Philadelphia,PA
c8688cda-a0a9-4a2c-8d9d-1da9ef292284,07d8eb9a-9be1-4b56-8ccf-02e4f157f00a,85078,Phoenix,AZ
c41f0e82-0ac5-439d-869b-ed304fe1f8fb,dd4de2c9-368b-4fb6-ba96-537d6958d9a6,90032,Los Angeles,CA
6e47a6f0-91e2-4c4a-890a-8754abd0b120,c8efa761-f434-44bb-a6f2-203549e9bba3,19079,Philadelphia,PA
c245770a-5653-45ef-9a79-261e9d57fabb,95ac109e-908b-41b6-a5df-12fb7dc49741,77012,Houston,TX
78f48867-814b-4f6a-a6d8-fc45b21b0b34,534a30e2-bf3a-4291-a3cd-d8b73de97518,77028,Houston,TX
73157f4f-c54d-47c6-93fb-e9f3400a1465,323a7267-af48-4d1f-9022-868c1aecf2fd,90047,Los Angeles,CA
88a157ed-5d74-4c23-969f-ff61409db1e1,ccf59bb6-196f-4fdf-9d50-6317ec670498,90033,Los Angeles,CA
83e2821c-d943-49ef-9f6e-ceed81fe1899,c6e826f6-d314-4dab-b437-dec592bbccf0,78237,San Antonio,TX
af2e6340-9bcb-414c-a14a-829943af2d85,c921358e-5fbc-4a74-9120-59c4bd8bd543,78242,San Antonio,TX
23a57483-2a7f-4077-bd8a-db647ed60af3,9aa5c574-55a9-4ce5-b528-8ef85863730c,60087,Chicago,IL
a3a24e55-8c22-4a74-a8ff-9f54cac2834e,add2a1d4-bf5a-4791-9dc8-f75896b5a727,85031,Phoenix,AZ
064a264d-babe-4931-8e7d-5e23413cae89,c7cd89f6-a64f-4e5f-aef4-1a582e12739d,60061,Chicago,IL
fa26fb17-ab87-4466-bd44-a28f271f4db9,41791859-c867-48ce-9fce-14d2c8f6302b,85066,Phoenix,AZ
056886dd-6d2a-403f-8d81-c76faa46725d,34b89e65-9cf4-4f96-a357-3595991e9603,19021,Philadelphia,PA
a0f8e360-5900-404f-8f6f-2d3b94bb4377,ced586a1-c09b-4815-b816-c1abe9f45fe2,60008,Chicago,IL
a3b226a6-01dc-427b-a24f-63bcc8d481b2,0f9d3d16-beb4-4b5f-9106-b1e45cce2b22,90070,Los Angeles,CA
f8739533-f451-4d34-b040-9e07042b0d06,5e687e79-6ad6-4722-a309-be46984b8265,19007,Philadelphia,PA
86791a3e-91a5-41ed-826e-18e07d2aa611,1df7df55-72d1-45b3-9cc2-24abd9a144c6,77048,Houston,TX
3cf38f38-a401-4180-a79e-b6e63c45d3d8,f3f536d0-2df4-4228-a99a-aeab31598089,95103,San Jose,CA
f3726505-2002-40d2-a91b-c1c6a93e3bb0,0c176e65-eac3-4e84-b756-064d281219fd,78299,San Antonio,TX
c438127c-aae9-4534-804d-7e64917a99d8,d3d7e7e8-1b8e-4a66-8e7b-8d3b228fc6a9,77080,Houston,TX
f6a86d8e-0b9a-469b-9270-7c854ef00990,b56ccf34-0728-4f42-ac7d-c4c853636e85,60005,Chicago,IL
a0c1f570-0f9b-4ede-8c6f-3dd257ffec2f,7c7addc9-367a-4b2a-8b58-d58270e0d7e7,85020,Phoenix,AZ
3aba93a2-b47f-4165-83ac-50c38dc9d706,0766a36d-a156-4558-bc6c-9eeb84539d7c,19063,Philadelphia,PA
7cd03b71-660a-4a0e-904b-315c5ce34e93,6f1585dd-31ad-417c-9e02-dfdda7be2296,77093,Houston,TX
75b6a6bd-a37e-4c9a-b8ae-7d64a0539983,d2bb622d-d139-46c8-b12e-efd87d3985aa,78207,San Antonio,TX
140ccca4-0660-4fcd-8c24-070a5c2022df,75f4056e-8601-4994-93ae-38365ec2674b,95158,San Jose,CA
6114dae1-4b0f-45fa-b2d4-5c6adc8516f2,cfa0debd-71a5-49d2-9e47-940246512c1c,10027,New York,NY
4e6c007e-82e6-4e9e-b4ef-a2dc47697e59,4e04702c-f1b5-4dfa-b392-fecf3eaf63ff,75266,Dallas,TX
58b3d2f8-598d-44fd-81cb-947e4d1d0cc6,cfe874ae-e583-4ddd-93e2-6b2b0e55ddf1,85034,Phoenix,AZ
82d26b84-fb59-4279-9221-4d0a0be26763,a62d645d-1060-4857-8758-f9c3bcc10304,10086,New York,NY
2cdc5917-064b-46ac-8a34-78238907b47a,d8b5809e-7d5f-4202-9bee-47a760631668,10045,New York,NY
ae375b7f-50bd-4cfb-af2b-c79bf15043d3,99c1cbcc-b934-47ed-b221-6f6ff74f796b,92114,San Diego,CA
21bbb155-98df-492d-bd11-efb8370371a8,baaf1ef2-be76-4650-8488-4e07e5717d62,95102,San Jose,CA
a4499e91-9bb4-4a32-9445-a91e657e9cea,8c65b025-d54b-42b2-b54d-051da14a92dc,60079,Chicago,IL
de9d093d-9178-4f2b-9f24-9e44a4e27323,9389d8e0-d7fd-4062-83c0-8fdf3e87dd9a,92106,San Diego,CA
4e26f396-9d5b-4761-a24b-563f845853b4,05a39e98-8d47-4821-8591-cc76b551fd0f,60023,Chicago,IL
9f09ee8b-7ece-4108-af3a-ea779518a6b2,c6eeaf21-98e2-4946-bcf3-06357be90f63,95120,San Jose,CA
741e4077-a982-4f05-af6d-051d40570fac,a305488a-fdfd-4e62-bf28-3e3678f39e57,19014,Philadelphia,PA
a61c6a93-faad-4653-8106-390581245469,b64d1a94-61fe-4e45-ae6e-ead6805b50a5,92122,San Diego,CA
e4da98dc-b144-4556-ba16-4194c6662225,71561bb9-94ff-4f85-88bf-de69ac15a6c7,85006,Phoenix,AZ
4578b58e-3b24-40cf-99d0-861562833d73,42dfa8db-176b-4712-ab98-0e037d91b9b6,60057,Chicago,IL
653fa3de-022f-4bea-ac78-ccf27de77c92,0a4dfbcd-2c25-4212-a8b6-4487e99b68dd,10057,New York,NY
19da5be9-fe06-49e5-b10b-6e107442e6e4,16b08839-e547-4f13-b4df-f1273cbe548d,60072,Chicago,IL
3907cf33-99e0-4442-9769-97b16ddf195d,27220ed9-ee26-41b0-bf0a-8d70937e6ff1,90020,Los Angeles,CA
04769917-0392-4864-a0c4-afd7b92c9bbf,e5e584e3-c8af-4457-af18-7b3bffab1819,85009,Phoenix,AZ
677497e5-1aa7-4639-8613-6705f3108d18,f5420874-e638-4523-882e-447050d22fc0,19075,Philadelphia,PA
71640d19-55b3-4e4b-90f0-4495f792b7eb,77b91095-48fb-4a75-b0f7-99ba69c132bb,92110,San Diego,CA
80e90255-a30c-4935-8ac3-be06ecc7d22b,12f6f6ad-2212-424c-988d-83e0bf60f1c8,95158,San Jose,CA
0fba54f4-c5eb-4cb1-8966-34892c395653,920024cc-74b5-486e-94ab-ba3f5a4c6cb7,60040,Chicago,IL
c61e2c3a-5b2b-4e26-817a-5d7c94f43110,0f577b6e-f619-4e07-a2a9-8624e80e0879,60076,Chicago,IL
a912348f-8e5a-4576-9046-3dfc85c73749,7b3ee18f-f07e-43b6-8746-9bcca8bc14aa,60000,Chicago,IL
97376eef-c895-4b8c-a24c-c088149184f0,d9209ca9-3d8b-4507-b2c6-b28e38c29cef,90093,Los Angeles,CA
bd64c651-24be-414c-b6fe-1145db3290dc,75bb437f-2b80-4a0b-9dd3-af4cdc2b6e0e,60069,Chicago,IL
ed4b98b9-0085-43b8-a55e-37d63c4d907a,1ae7b8e8-52bb-4f7d-8a58-b4c7e716f235,92108,San Diego,CA
9e548779-a95c-4085-be1d-7343ec0461f7,05b971cf-d547-4e70-82ca-523dd157ae8f,90079,Los Angeles,CA
76c4ea3c-d256-4020-be91-e14daa273234,2fe77d43-0339-43d0-bd2e-831db870003e,85049,Phoenix,AZ
8d5115f5-1b3b-42d0-9d36-e047a542df1f,534c4dae-415b-4e41-a0c4-7b22ff80b1dc,60080,Chicago,IL
e1be9ebe-9216-49fe-944b-a122b7d2037d,832d8f96-5c9a-480e-b430-8fcc841d8d57,10087,New York,NY
4ad443e5-69aa-426b-8286-65d6168b9ee2,d8e58322-5faa-480a-9c5c-f9664bac9806,10061,New York,NY
00372093-c3b1-4471-915d-57c59f7ed163,8e9cfafd-fb5c-4712-82b0-afa711b0e30f,60097,Chicago,IL
606bd0ef-eec5-42d7-a403-fa76d045d011,f225a71c-be37-4b61-895d-4ee86f6d4b45,10090,New York,NY
27d6bb0c-c434-44fe-b030-fc1639a8d66b,f2e75828-2eb3-46e1-90ab-364fe253c47f,92131,San Diego,CA
3b77adac-bfad-4800-b049-7e0aeecc721d,f7ed0739-67be-4ad4-9413-7b3de1df4f99,77010,Houston,TX
ce0ea20c-80c2-42e7-92cd-a4105ede7d4e,2b5c0096-e2b4-49ac-b9c1-b00dd850d6e1,78262,San Antonio,TX
af984f2b-4ca7-4bd5-9ef9-24bb34a81235,96dc2e38-b44a-4273-a160-94966d1f7f5f,75270,Dallas,TX
bcf68902-627f-44ba-ba5b-066a1c3f0755,1b13f956-59f9-4247-bba8-24610f3a9736,85027,Phoenix,AZ
308d8322-58e1-43ee-857e-d971a77bb097,090e69df-6212-4b59-aff9-55cac372edf1,10019,New York,NY
c7005dd0-0685-4f73-8a7f-7969e23c8b2e,3f4df579-4428-4ed0-80b0-6fc263d6c3e5,19037,Philadelphia,PA
1a7c3859-0249-40be-97c7-a2f410e2242e,b6470ec0-2330-44bb-a8c2-dcf1f818d516,10086,New York,NY
8400c38e-23e4-421c-8c89-8aca46c0217e,91e13aef-4f49-45ac-a726-01749e864571,75264,Dallas,TX
3982602f-c367-448c-94cd-a809f8e188a1,6ab69aca-a538-4020-91d4-69a18f857878,85032,Phoenix,AZ
33557744-25f0-48c2-aced-6867e936ad43,2b859074-fa17-4ad6-9534-2f2e910dd584,19025,Philadelphia,PA
f9e2d4a9-7ded-445d-b072-f35424d85350,349157e0-b995-4bb6-8581-1394191581cc,77011,Houston,TX
bc8fa888-7b49-4136-8cf2-1b42186a49cd,0dcd327e-fa72-4b72-8e1c-fa061cb7c219,78277,San Antonio,TX
558d6706-ce52-4694-bdb1-6f47190558f8,f5f51ec8-7521-4eff-9b3d-5bd5884bcd60,78250,San Antonio,TX
f5acb3db-9eb8-4a60-83f5-3eab5535cada,2939b952-00d1-4139-9ebd-a77dc577122f,95106,San Jose,CA
213d5d3b-b3be-4c31-a093-24029ef31141,ba2ac579-3acf-4e28-ae8c-6aec5ee1a836,77016,Houston,TX
8bdf5b4e-538a-474d-8e36-abad5c1eca23,35a81f62-3089-4935-8f46-bc112ed29a8e,85042,Phoenix,AZ
6cac3dc8-7353-421b-ae3c-89164faa5261,419a2b5d-5376-48b0-b692-7fe049fe3afd,75214,Dallas,TX
54b530fd-9145-4572-8105-ecf8dbd0d43a,a387a0fc-8e44-4cd5-affd-7c317150f339,75213,Dallas,TX
e13fd2b4-5046-4751-bee3-415b4c2329a4,4762ab52-4bf0-4530-8529-d08a97ebeeeb,19056,Philadelphia,PA
83c889fa-3538-4400-b556-3b59263dbcca,408c49d6-47a9-4c93-9a3a-9d9f3a5805f7,85017,Phoenix,AZ
fbcee047-68de-4955-a33c-fd658a3d1eb4,1133cd71-33f5-416b-846a-af9fa03f829f,19003,Philadelphia,PA
9e7d7144-76a1-459b-9685-911c448c54a8,aee5f109-41d0-4d4f-b542-1fa846acc542,78242,San Antonio,TX
3b2e3af6-5db8-4e8c-9484-1ee5a52336ba,55754fb8-1697-49fb-9665-73667601591b,90060,Los Angeles,CA
551af8ee-f408-4a9b-a6eb-4b20aea5f941,321683f3-c23d-42e3-b654-8197589e44b2,60085,Chicago,IL
24939955-0b94-49e7-80b5-b459cb751b98,b3f74f97-48ca-4242-8588-13b2483e44f1,19029,Philadelphia,PA
50efa454-e2c0-4fcc-8266-22f464aad8f9,cbb1b22e-7066-464a-a7b5-0b0aa53b0f41,10034,New York,NY
c220c2dd-63ca-49fc-9ec2-a70029b508ac,fec162db-307b-4497-a377-326fcecff0da,77089,Houston,TX
c4a38443-6268-4d3e-96bd-9695199242af,331649d6-e291-40d6-b9a0-e8abd31fd559,60038,Chicago,IL
bf840080-b196-4ac6-b6ae-4c9b453df7a5,527f5b1e-a327-47db-93a6-a9357cc8f5cc,90080,Los Angeles,CA
5c421948-8475-46c2-b8cd-ac297cf88ed6,4cc3d536-95e8-43c5-ba3d-c53742af6ebe,19050,Philadelphia,PA
c672b396-c173-4605-8040-d2d0ef6a7dd7,77603daf-80ec-417d-82b7-d1897c1d11f5,90061,Los Angeles,CA
d1c715e3-8a5a-44f9-aae4-4d74e6494414,3e64ba76-7edc-4be6-9b40-36d72be82574,77094,Houston,TX
2a9fc740-c147-41d0-9c1a-173555e2068e,743e9a4e-955f-4aa0-a6d9-da33a000e324,90094,Los Angeles,CA
ef56d8b5-baf5-4380-aca2-7f2bba5c919f,7e7fae51-2347-40a9-a80b-2c22003ea220,10091,New York,NY
c86b12f8-a3a6-4a8b-9fa9-4e46b8572ff6,a6d7452e-77ff-4561-9ca9-12c79bf85487,78277,San Antonio,TX
6beb537a-b51f-4c63-a7b7-1d60115dec38,3bc55311-b130-455d-b6c8-d276006758b6,90087,Los Angeles,CA
d31eee9b-6400-4639-bff4-b3d410013082,f4ff465d-7f58-4954-a7c7-c60d5d3e4777,75287,Dallas,TX
734e3bc2-97df-451f-a4f7-29c8b6e15148,0a5dd4cd-e6a2-428b-a0ad-9875aea1a65b,90009,Los Angeles,CA
8e414b42-d48a-451f-9ae4-ab14d5e6fae0,7429e9a5-b9e2-4e81-a1d4-c52c4d87dcbf,78252,San Antonio,TX
4e64358b-b3a9-43ae-9def-55cabf58d32f,cadd0bcb-f23b-4619-a8e7-dca6f0f2e0ec,95179,San Jose,CA
8df6bb0f-fc17-4266-b092-010601d45c96,5efc41ed-80e2-46d3-ab51-4795c8b09f74,77078,Houston,TX
4d8ecbf5-fff3-4eaf-8bb1-2757ea0c272b,4f1b57fe-e030-43c1-a24e-7525a77de736,10052,New York,NY
a013d2bc-d400-46fd-9874-07a0c94ddc10,cf397ba9-aff3-4dca-8bbd-c86aa47a5c0b,92180,San Diego,CA
1e91ff09-58b8-4cd0-b53a-0c863ecbf11b,6177a7af-e594-47af-824f-001a80bbe579,92121,San Diego,CA
c9288688-68b4-4976-ae0b-121b1b223352,ca7c1f61-891c-444c-a925-686286f13bb0,10049,New York,NY
93354c7d-74ec-4bb9-a092-0af8762f2df9,3da38cef-76b0-4c1a-97cc-c8f92f7b71a2,60069,Chicago,IL
eb26fd19-df70-4917-a629-4f676742160a,8193f34c-dab8-4741-9f4a-7abce59ceae8,10096,New York,NY
93eabf37-a88d-42bb-92a5-36e449f95324,0166b17c-35a5-4a1e-92ab-eac399938de2,92140,San Diego,CA
4fe9bf98-ce78-42af-a1ee-290d9ab0a5b1,7219f532-3a4e-494a-b93d-14944e3a0320,78257,San Antonio,TX
b3785fc9-905d-43be-9c43-d31c5935ce38,a415e98f-7dd7-42c8-8c6e-a945606a38b9,77086,Houston,TX
c2ddb1cd-1374-4337-843f-65a090fc6f15,6ca393da-bfd7-4d51-91ab-b77c11cf24f5,75204,Dallas,TX
b3f763c0-6bd0-4a36-a8c6-f52eae0c92b1,880b2a62-f4b6-4123-bd9e-c85a714b3ff6,60046,Chicago,IL
57106ea3-990a-41d5-a0a9-acc87fb62e2b,d943d2c2-f3d8-4821-a0ae-320866ee1d21,85000,Phoenix,AZ
4dea7cc8-8177-4ce4-a657-31b397129b83,5325ba4b-b94e-45f1-9c87-bfca5c36be80,10088,New York,NY
15df066b-4312-4190-8866-8b1e3c0b9ecd,a6824f43-c2c4-45ab-be9d-09cba71f127f,95188,San Jose,CA
2960615a-f476-45e3-b669-0485c7dd65c6,590cba88-e934-4e48-b948-4ca1210fd8da,19075,Philadelphia,PA
df00f7cd-0f05-44aa-8998-ce1b245f718a,94cb229d-6ead-444d-ba6f-b3594db425b3,19085,Philadelphia,PA
5fb35cac-7580-4bc0-a527-2809d60e9a31,e112c7d5-b596-4fba-88a6-d3de85b8d86e,85088,Phoenix,AZ
b862073a-20ba-4701-9d99-522408e5e715,3a18e69f-30e2-4b25-9fbc-00cf4f7e08e0,85050,Phoenix,AZ
523e4232-83e5-4cb0-bc70-b5778b45f394,237f5463-30d2-4bfb-b5e3-38f2cb00f8c6,85077,Phoenix,AZ
12555a4a-0d19-4611-b0f7-5ddeaa922513,0fb3d212-dc23-4435-887d-be5b61266ae6,92196,San Diego,CA
750dd7ea-19bd-44d3-bb18-8166e28b9e40,e8fe415e-0814-4941-b141-6074ca149be0,19000,Philadelphia,PA
c5dd954d-798b-40c5-b2ff-2b24bfee52e5,7c604ffd-08fc-49b9-be5d-0ad33d4d0470,78273,San Antonio,TX
4b4f779c-84f0-4d35-9036-9f59918746f2,b41ae2cf-7031-4b2a-be7b-5507282b4aa0,60004,Chicago,IL
296c3e1e-2fdd-4512-85c4-5037e2a932c7,cb0c4c73-6bb0-4eb0-b045-ad0c9d2ef1d6,77040,Houston,TX
5e9cf243-c0c0-41ed-bf31-1d5f5810ea83,39551063-016b-40c2-9858-b5cfb6b0af82,95101,San Jose,CA
daff3637-c66d-4d89-8a4c-77d0459d3e6d,f83c605f-b8f5-49a4-a21a-adc3570fff01,10046,New York,NY
cbb10780-1064-45a3-a993-53605a2d7ac0,9bd78e98-e5ff-41f9-b0ac-e7db1bf747b0,60071,Chicago,IL
53b7f472-4f57-4be7-b892-c1ef5ca74680,04d2e3af-8109-4047-af41-a746da001c0e,92133,San Diego,CA
67cb969c-caad-4183-b1ae-433b32dfe2af,ebf999e8-3a28-4cad-be70-e31b61ec1706,90002,Los Angeles,CA
524187c4-51e4-4b14-8f7c-ded13af81862,671141b2-7cf2-4f8d-8e29-599713938726,90096,Los Angeles,CA
6a408a53-0bef-4ca6-8a08-147549345e2d,6659f2f3-bbe3-41fb-9ff4-9c236939f0b8,19090,Philadelphia,PA
b651c86d-0e46-430f-82cc-f3aac8975417,7bfd106e-4720-4078-a8ba-08ffb39a2858,60051,Chicago,IL
a44e368e-a496-42b6-b2ca-1b5f15aa9c94,3d05a51b-bd1e-45bc-b15b-8b4262fe74ab,95157,San Jose,CA
2a40e27c-2ec2-4798-b443-927ed790a9e0,e6dff3e6-7bd1-41e1-9c16-ecb0b7769419,10012,New York,NY
aa7e620d-7f38-409b-9df5-7493095202d3,4c1019b5-827b-462f-b18c-2bf861eed40d,75282,Dallas,TX
1c2063cc-de8f-4517-9008-2e5a54b2c9bb,e546c876-5e29-498c-8c3a-08255389f2d6,75221,Dallas,TX
20d48e17-db5a-4efd-9dae-a25b51953e6e,142eb013-efec-4b97-8501-98709db8d1c5,85039,Phoenix,AZ
881081c3-568c-4113-ba4b-e4f92bd1bee3,a5f50259-4ef5-4c4a-8de1-95b4952e468e,10042,New York,NY
609d5c2f-7031-4fa9-9138-74b0d98a5999,81ef67fe-9483-45ae-8abe-6d3c8c9a843d,95145,San Jose,CA
9eb75beb-b291-40a5-8501-6f9fb416d850,27d52d26-241d-4217-92dc-02b61dc6b937,78215,San Antonio,TX
3b4b6f5c-704c-45e3-8e84-0d6c6b5c7ced,21352c8b-1043-45fa-a046-922d7847a696,77070,Houston,TX
10ca88eb-4fde-4c3b-8357-5c8c87e77d9b,45b138a6-618f-43ce-909f-0c1faec92e60,95145,San Jose,CA
b56068c7-46ed-40e7-bbbd-6ad0e3807507,c4973fda-77af-4ed1-a22c-d4d9b5108855,77056,Houston,TX
f8f221c1-255d-464e-996d-ae52a9129d8d,227a542b-5f95-4428-bbb2-5c0d4f4ed412,90052,Los Angeles,CA
dab0f3bd-7c60-4509-9c80-24f44473a927,7b4c2cf6-fd86-4681-b502-f74e47dd709b,10045,New York,NY
f6c21e60-f605-4c29-99c5-92386accaafb,0cf4f446-61a6-4e96-b863-87fb8a262417,75243,Dallas,TX
a39f6175-ab4c-436a-aa69-694c60dcfe78,12d9957f-4b26-4bdf-8501-258905a3887d,19097,Philadelphia,PA
6f478283-b6c4-4628-bfc5-6e2198f74959,b0bdbb1c-41c2-4769-969b-0139578935bc,92107,San Diego,CA
41dcb0af-f164-41ea-ab62-072b1cae25cb,2a7f0668-dbb0-4435-8220-485f4c393f9e,92162,San Diego,CA
7a802480-a20d-45d3-955c-955b3dedb576,da135f74-7999-42db-a910-cdf474329e18,78254,San Antonio,TX
daa6446f-482b-45fc-b49e-90bd79fdf7f9,5761c0c9-38bd-4478-9f24-7601fb280c99,85050,Phoenix,AZ
6d5acfc3-33f9-4d13-9314-910825987aed,c5c5fdf8-8eee-4534-a070-1f96f970e478,78278,San Antonio,TX
6e7df865-91c9-436c-9809-c5ec9d1f6ef8,bcdbdcb9-b6a1-41ae-9cf9-f640d560c620,19095,Philadelphia,PA
bfb24741-56b3-4b5b-9ff5-f0dbac0430a2,43bcb598-780c-4502-ab59-d9a64c5c6297,95143,San Jose,CA
1518870f-0069-4aa9-81b7-be39fea8c398,59386d8d-3877-453f-b234-e1e1efdafd3f,75250,Dallas,TX
7d60e980-798a-45b2-9648-2427eb1145aa,28b95c16-6a31-4c11-b2c7-be4107f6951b,77030,Houston,TX
ce8f9971-a9f7-4c09-9dc9-31399c765798,03148a3c-a26a-47bf-b04e-e5c321ea24a2,19066,Philadelphia,PA
f4c8df47-e3e8-43b1-b90a-bca6d28d18cc,d2012235-0173-4659-9e48-a8b02ea8686e,60074,Chicago,IL
f029814f-1518-4313-b6bb-912dfba34049,22e3c0b2-02c4-48f8-b749-ef4f7a0f46f2,10027,New York,NY
6403762d-f02f-4dea-a6df-73a293ae227a,0c894d1b-3a49-43a4-9083-ab7eb5f675e8,10097,New York,NY
b562a23d-9649-4129-8a4d-0c8220abced2,83e8d152-dfb3-4251-bdb6-d87118b84693,95149,San Jose,CA
a530ebfe-d1ae-45d2-92f3-0fc9c85c7965,fad3e602-e36b-4d57-af4d-300e8107b206,19050,Philadelphia,PA
c50940ad-b7ce-46b1-b6b3-30a935c3fba8,f711e095-2b11-476e-95d1-55592117f810,85074,Phoenix,AZ
fae99929-c5ab-4fbd-8ba0-cf501a49dfb5,b41ee2a9-7261-4870-9b21-82e97008e71a,95160,San Jose,CA
05deb092-7f70-4c0d-8662-759521b1e9f1,d9c5cb43-a426-4eab-ac43-77a7bcd4e6cf,10002,New York,NY
8ff51db8-0508-4da3-bfa3-00395a984a3a,1f03b405-f66d-4e8b-8f42-a9548effbb4b,77017,Houston,TX
dc8172ab-2f29-4e54-affa-29f438cc513f,bf2df8d0-efb7-4f50-8c22-34eaec26b163,19006,Philadelphia,PA
36804a44-42f8-4660-8588-3d516383c145,eeac471e-811b-4d43-a687-91bcf7417004,90009,Los Angeles,CA
ff119a6e-35a9-41f9-8a45-85b2e729a64e,5135893d-18bc-4a84-993f-5fb74df1e6e1,60084,Chicago,IL
cabaf67b-e7c1-413b-a72a-38395e93b0e5,c41bb5d4-bb52-4cff-8b80-bf13ed36dd87,90059,Los Angeles,CA
02faf65b-e649-4c78-b7e4-da4aead2eb9e,9e5b7805-5320-49aa-9c0d-fe644ebbe3a4,85079,Phoenix,AZ
507df7d8-eb43-4abf-b788-84994a11fc53,c37e9554-cc8b-4a18-bba0-3be99518e31e,19077,Philadelphia,PA
24cac671-8657-4090-8c1c-a554f5a73ddc,6c98b205-e26b-41d1-8415-e6fcf517c0a3,77039,Houston,TX
383c2b8d-2d6b-4944-a880-12a0e47e3f1c,df4f784f-880d-42e9-af30-f4955b9b146b,60095,Chicago,IL
5e4c77dd-6f1b-4feb-9257-4fc3016eeafb,1cc0960e-fef8-4e3a-8d99-7daeba66e5d1,77061,Houston,TX
abe2bcd2-3892-4634-981c-e85147a1d467,fa83d075-15dd-421c-b59b-8a91636a5243,19036,Philadelphia,PA
648c9bfb-b12e-4674-a301-5df3a4668e7e,6148e3ce-79ea-443e-bc0c-0771a7d0dd60,75216,Dallas,TX
6708f403-cc2c-4a89-8436-c1afe833f85d,d7184281-d178-4a73-b94c-8f7fe9ebb9c6,19041,Philadelphia,PA
5a504572-a208-4d43-949f-06109be68e9d,1af353e9-cb96-4ad0-bafe-5e8a8b26ca9c,19057,Philadelphia,PA
48c15600-a8ab-4df1-a1a7-693a6efb531a,7a754cec-4d5f-480b-a159-7d83a23d76f8,75208,Dallas,TX
0f32ef9f-a883-4bda-a125-aa569f8b1bd9,78bd01bb-a574-4c8a-a6bf-d4348d0d1f6c,95110,San Jose,CA
a117228e-822f-48df-9c84-0a73fa7bb018,d09e0705-1cc7-45f9-bbe9-cdc7ca73e13a,10094,New York,NY
d4cf2bcc-b367-4ee8-801e-4dd45452c03d,f66f7f81-29d6-46c2-bb3e-f8d8072f3bfc,19089,Philadelphia,PA
0a8cd234-3c10-4b7b-9e71-affce90f5ebe,40b5d0ab-5b06-48c5-b096-4cc5aa3298a4,10009,New York,NY
138c00a6-2ec2-4ead-b598-b55cd7abfb3f,6b9d3efe-ff0c-4044-90a3-24474946a2a0,60039,Chicago,IL
4b73cc2b-197e-4da9-a717-c39c1f43803c,a04654d5-5580-4a84-bab5-d449940c81f5,77081,Houston,TX
e9804253-0f1f-447d-8437-ce381e937216,9d003e79-f3d8-41a7-ae89-e21b8c584095,77042,Houston,TX
5bc24194-179a-40b2-a000-6a6dd232fe7b,ad281a43-d14f-4a65-b096-0a9c4d18f6c4,77098,Houston,TX
5ffcba98-30b2-44f8-ad5b-a2d7d1655937,fce92d8a-f89e-4974-82f4-81e8fa6a5abd,75253,Dallas,TX
c372ece6-51c3-4534-9eb0-29f7adeedbd8,96b61e05-d991-4b78-b1b7-2b68108edc43,19091,Philadelphia,PA
a9da5f1b-2b2e-424a-8478-82a2dadce0dc,28aed013-c760-4f3f-be6a-b0254b623252,10086,New York,NY
0c63ef36-7aa1-412d-bfac-542fcab92b53,1b7c2536-73ce-49fe-92ff-dd0f013962d4,95144,San Jose,CA
084f1d5d-32b3-4bee-9f42-b818746a3227,141062dc-d228-47ad-9495-4a39bbedc987,85055,Phoenix,AZ
fe3925bb-7373-46f0-8f69-8df2ccaa001a,329abb42-632b-4203-a4f0-3d9ef5e23380,92102,San Diego,CA
71a0e355-7a9e-4f9b-b942-5a103621944b,3ff9bbfc-1e77-437a-b020-b936ba1fe0c9,10059,New York,NY
4d474171-5bcc-40a9-b9bd-d1e4d7921aca,31da4c00-2ab5-45c2-b21f-1693b6bc1775,75260,Dallas,TX
2d205e7c-9d86-4103-ad3c-6d3a932660a5,6310c68d-7fcf-4261-a3db-66cadb3afdb0,95183,San Jose,CA
6d3eb10e-5f22-4619-9fb9-47391ca2204a,9564356c-7d21-4f37-a843-262c19999b92,92171,San Diego,CA
41674edd-ab08-4b84-a408-d844aa54ea8b,7ff64599-4eb0-485a-aa34-2acd9152ef7b,75218,Dallas,TX
d78b5780-9646-4a86-8432-434a5e7e03c0,1ab4086d-6b6a-4630-8ee6-fe6f2a12ae2f,90091,Los Angeles,CA
3f356d0b-2226-40fb-aa77-ad1ba711c247,e93e8bcc-7215-4b44-89de-631247839cae,90022,Los Angeles,CA
121789f3-5e0b-4364-b46c-125e9b4e8271,dc2ff3ef-7a00-46a0-8094-4027eb0bc918,78226,San Antonio,TX
46d0b5f9-2ddb-49e3-9b50-615acd07fbc5,77ae159b-58e2-4a2c-810c-4bb00693c197,95136,San Jose,CA
7e1bdfe3-ea29-4130-9404-9e6a0f5449d2,5ec97845-fa99-47ff-9e8d-fb61269a0f11,95172,San Jose,CA
be15a925-3346-46f0-9d6d-74b2989bf8ca,56c1c912-a83f-4353-876a-22121c5680f7,10078,New York,NY
c2bd6f23-2cb9-4043-a98d-4f6f8773b4a0,35ae70b2-1d47-4b3c-81bc-a713662618a3,85057,Phoenix,AZ
e9a6bdbc-a1af-4f88-90cf-617210dd5358,210c99e2-2187-4452-9bca-164c0bffdb84,78279,San Antonio,TX
db379fa9-8982-4ac3-b4eb-0b5d6d5effbf,55110fa3-7f4a-459e-878f-9d8e88657bf0,19096,Philadelphia,PA
49c9e729-f7e6-4677-88d2-a01a50343216,2cec2adc-13e9-4dc0-b5bb-447169d8128c,78291,San Antonio,TX
5772cb04-b68a-4a43-a030-eec233f4538e,1887cd1d-2629-4c24-88e9-4fbc43208ab4,19061,Philadelphia,PA
218983d3-63bb-4a9d-b136-76301231fcbf,ca2feb67-2b72-41d7-8228-6c922ad1cba5,85072,Phoenix,AZ
ac67b794-e69a-4b67-8265-0ca932a705bb,b947f6b7-a591-47a9-a6c5-11ed9abd8092,95155,San Jose,CA
bbe9fdcd-8ada-4cb0-8086-0409c1d94591,9be9e252-6650-45d8-9e5a-fb5130db7281,19018,Philadelphia,PA
227964f6-09d6-4f66-bcb9-afbf9772cca7,fa4d511b-cfe3-48c4-8f68-dfcf4a78674d,10023,New York,NY
2cc36791-a145-4808-a87d-0917b553d9c0,d8ff9df4-1407-4b0a-a186-12f8fe0818aa,19092,Philadelphia,PA
562bb406-e711-438a-87c4-8c5c9f6b7c67,e4a7bfb6-a163-422a-b59e-0782197851e7,78248,San Antonio,TX
ac402a3f-be7c-4d9e-95d1-9682b38204f5,635bdfb1-e410-4b19-a260-80f48ada4c98,92176,San Diego,CA
b7d08b6f-b1fc-45da-9dc3-163623b61c8b,a41ad374-5339-4190-8a27-fc24cbcdcdb1,77057,Houston,TX
288d56cd-35ba-4340-a009-c3132df57de7,8a84e7f0-cf38-414a-a814-768c306a9038,95111,San Jose,CA
e55ac6b5-922c-4b5c-9d34-d600350742f1,2206d9ca-b683-46e7-a3b8-4f759d129c4d,75234,Dallas,TX
67517768-b197-4334-8a9d-a4ed1c461342,0a040790-bf2d-4193-881c-26c5dc4fae42,78282,San Antonio,TX
7578483b-a4da-4775-9cc9-23ab19805c6d,4fd0a5bb-871c-4a42-9cf7-f9a9e96ec900,90047,Los Angeles,CA
640d2838-62fb-441f-b965-4cb84f0bd230,64bc391b-4be4-498d-9e12-ae68267a1714,85042,Phoenix,AZ
89217370-5cb0-4184-8609-8425bbbc66cb,c6a9f8e5-dc62-4d57-b0ff-b855e02d1d54,10076,New York,NY
19896335-4e87-45a3-97a0-e2d1598ec0ad,bd8b0505-0c01-4f2b-abce-1a83f862d189,95135,San Jose,CA
1147decb-b998-4d94-a404-5b7346e96d5c,a9a618ee-808b-4a76-87b6-7dadde35cac8,60030,Chicago,IL
2c1a1445-4915-49d4-af00-109102448146,f9e00111-6695-46f4-a130-d1f52a494a38,95130,San Jose,CA
2b447c93-f76a-4bd3-81ce-b965c6f36e8f,91178cef-02bd-42f0-a8c7-98f9d3f2edd6,60091,Chicago,IL
0f83349f-f581-4ea7-a9b8-762a5306a2a4,9fcccad8-e2e1-4e05-aa0c-c89e0b1bc23c,78274,San Antonio,TX
3299be07-2ab4-43a7-b37f-393369e80e88,5a173dd6-2934-4513-b1b9-332556a8098d,92175,San Diego,CA
d4638366-6da4-427b-9f3b-fb6e0e2d33f4,63076e46-7ee1-47f4-9595-1037e33d67ef,78274,San Antonio,TX
49feca2b-1d44-48f7-970a-591ab76ec2db,f82e1c9b-ba63-48da-8520-55cbc292e0f9,77037,Houston,TX
d230a050-080f-4476-bc18-e797f50a9639,3812dbe6-3302-416c-a88e-c121b56c7069,10018,New York,NY
6dfef694-3e7e-42db-9cb9-37e644dc2e70,1d8010bf-f29a-4444-8730-cecda3b2b933,75201,Dallas,TX
e88fe139-1da8-4ca8-b027-f8b2431b20fa,0f6bc56e-8ea5-485f-8130-e58551e8f33a,19055,Philadelphia,PA
2f9a2600-37f9-47fd-bd7f-9082cf7c31c9,89e72d26-ddf5-44b5-bedf-e71cfca4caea,10026,New York,NY
82c80f04-4fa8-4cb7-908b-1dcca041192b,4c8dabd4-eeb0-42a9-8305-7649aa201a72,19024,Philadelphia,PA
b71540e5-7518-476a-8a3f-be6b7b1704ee,e23f3236-4883-4be9-aa1b-bf31ec3f7259,92183,San Diego,CA
d49e3dcc-9fad-40c9-ab17-2cc6f7d7cb97,f42124b9-8828-4852-8963-0a1d57a8beee,75243,Dallas,TX
ca542607-6e74-472a-b9b1-0103d974cdea,0e3b3283-50f0-44d3-ab7f-dcbde68abee1,19096,Philadelphia,PA
11a7e2f0-5e83-4911-b291-180cf2943a42,2940970f-80a5-4c62-bf28-a5d3216c5dd2,92185,San Diego,CA
8a9697a8-70df-400d-a31f-b27bac9e9bfc,10c8bf86-df54-4e27-abbe-49ce76428ab1,10033,New York,NY
c3a889f8-cb99-41e0-beb8-32bfb430a5bf,e282ebf9-0ef8-4fa2-8d9c-1ea5225ae8dd,60087,Chicago,IL
3156969f-23f0-42d4-9a03-f69558980c66,f36325e9-b2a8-4571-845d-5e4844a3f60c,90005,Los Angeles,CA
fa265c5d-206a-4ce0-9c4f-86cb374d7795,1ed12e76-92cb-483f-b292-37d7422aacdc,77091,Houston,TX
d0e9db18-188a-46f1-a1a5-215b2f83b364,d538df4f-d4b1-4158-b35f-e7ca1e42cf2c,75263,Dallas,TX
74266c15-7823-4c85-8ade-ecb584c23877,23695e44-f9dd-41bc-8695-4b9a2ec1a644,10041,New York,NY
68f5704b-c101-4f11-9f1e-383c5c402ea8,4c5c0347-4d8a-4061-b28c-60d080978239,85039,Phoenix,AZ
24e8ee57-c6a5-4896-bd58-a3c6c41b96dd,fe51a957-72de-4725-91a3-d6c419db9fda,19089,Philadelphia,PA
dce9ac39-2b58-4ada-b591-3f3048051a29,fffb0d3d-c535-494e-ba6a-b84bbcf14933,75229,Dallas,TX
566e636c-37e0-4531-b550-ab24814251c5,cfca46e2-d0c9-4bda-a38a-0c8ec5164bb6,75213,Dallas,TX
72c0126b-607f-40bb-a4c2-250d7cc3262d,f3ac3025-6f21-4f43-aea4-32337d9906bd,85047,Phoenix,AZ
4c4b90c1-3d0b-42b2-80cb-fdf3d20e9968,e6795b58-69b5-4b06-ba3e-3d18a827e217,85099,Phoenix,AZ
97f18c14-a1e9-4a0f-aa6c-fcfd524b976f,013c201c-0028-494f-b7f0-ef88624155fd,77056,Houston,TX
1cc55468-bf85-4862-94c6-11b0d5962673,915127a4-446a-474e-9dfa-eefdda37d175,95133,San Jose,CA
ceb8503f-11a7-4759-adea-690da5afd1ad,34eb938f-262a-45ed-8974-499af076c997,90045,Los Angeles,CA
22f8419e-c18b-45ab-8dab-9f956b89e5ab,05129f2c-fcbe-46e5-ab34-a4ac781d8494,75217,Dallas,TX
776b97c5-86fc-4d5a-8d6a-32571ab00c1f,29c8f5af-449b-4c72-a168-dc594ce64157,10033,New York,NY
234fd999-c70a-429a-84fa-4fac45cbaccb,6a8d24fc-7750-4236-ad96-0a88492c99e9,10020,New York,NY
4de10f96-e767-4ce2-baf3-5f246eec8679,23f90bce-9415-4ca7-8bad-6eb64e6c3109,95143,San Jose,CA
ab52c426-9269-4d5b-a65a-10cc348b6b9e,42a42913-0b11-48a0-b5a3-f429073f6ae1,60005,Chicago,IL
637c9f2a-ba67-4fc1-9456-b109c1e210b5,675db592-c383-4c39-80d5-d6e9a313afcf,95140,San Jose,CA
b5fe16b9-61a1-41a7-afac-ba559a8dcf7e,8ee297b5-d083-48bc-b583-7fc94e1a5308,85033,Phoenix,AZ
72a9009d-9a23-4e46-bc70-7753bccc3f90,39b84881-3db0-4b99-ac21-3c7e86f01377,19041,Philadelphia,PA
5297b3dd-d6a7-4d0a-8cb6-7f56152b09f2,01aa7943-6262-43af-8280-c27181db6147,78251,San Antonio,TX
88572548-9570-43f6-a01f-3eb569885c69,3d4c0ae5-77d0-4ce9-8442-3c1dd16d7436,19011,Philadelphia,PA
01a60fdc-81ef-4e2b-bd58-5732530b39fd,a1ddfc5d-8e7c-4024-8647-a36943355e07,60050,Chicago,IL
c0ca1624-5dd2-4639-959d-777b43317c0a,c2831243-f1ab-49ab-b684-f8c822a120f8,77004,Houston,TX
11d96dbe-53b5-4f88-a34b-5e24b2499199,c9efcdf0-5b2f-4344-bae9-0fecca373788,77062,Houston,TX
822eef41-e720-4f0e-b622-d18da7b46d84,3aef0cd4-75f2-498d-91ad-61198c8e2b7c,78215,San Antonio,TX
33ef23d6-0316-4bfd-835e-7aa790600457,5f7174b7-844d-49b9-a515-c4b6e46cff36,95169,San Jose,CA
70e1e8ec-a92a-4582-af37-fecb858eff13,abc4df6a-9ec8-414c-82d7-dbe94bd21700,78294,San Antonio,TX
7fad698c-d315-480c-83d7-30f2f65eab8f,0697aac3-a57b-43b3-a5d8-ff73699e22a0,78205,San Antonio,TX
2b329a66-337f-4239-aef3-c9780b47ae0f,a59acfc9-cc2a-4a31-ab39-88ae0b881150,75294,Dallas,TX
8af5afb1-6cb5-46e4-bb7d-a5291d30ae6d,6ce734bb-00b8-4bfa-8adc-21d5dc45e212,90028,Los Angeles,CA
be1a5e28-dcbb-42a5-a5a1-7e1924b06b3a,468bca0f-a23e-421c-9efd-972d58cf9eb4,78279,San Antonio,TX
3b610b63-d480-4a8d-a72e-7ce64b237e06,a06cb7a6-88d4-4709-89ed-4e67467b71fa,19076,Philadelphia,PA
28d0e4ec-53b1-4277-8eb6-0c18c6e59cc7,b5b4e3f3-0eb9-4404-85d4-06ef6b7fd98e,90074,Los Angeles,CA
70abb699-1aff-4a9f-bef2-930b87230ac7,c2c1f489-67d6-4530-b7cf-447dd01eb71e,19069,Philadelphia,PA
2c97bb8c-f024-4cbe-8973-39bb2c903b9d,ecda8d2b-05de-46c1-ae7b-0e5eb3e7e177,78281,San Antonio,TX
1339fe08-117a-4a2a-8cd9-b8f87b10a47d,73e239f1-9292-4106-ba15-c9960eb521f0,10049,New York,NY
5f083d76-a10c-45ec-bf3a-5d68bcb7f44c,02512f94-b9c3-4d0c-be97-4c5da224d53c,92167,San Diego,CA
71fd8f97-59d4-4e50-a098-596b83735824,4e1d46f2-e39e-4019-907d-5dd51d3a2786,90046,Los Angeles,CA
57ade8b8-9458-4cad-a72f-4cca2e730351,9a5e2849-0456-4243-9dda-a174a8ce3948,77080,Houston,TX
4e366989-a899-42da-8cc3-04a849d2fdf7,d8928dfd-96a1-4c16-80f0-92e9579104c0,19080,Philadelphia,PA
4fc05055-5ece-43de-b562-8507149583fa,1f6db22f-e4f8-410e-b467-025f688f3ff7,75223,Dallas,TX
db157ee8-a8f0-44c1-9623-f82279e6477b,583d51fd-4605-49a4-8ffe-dd7500fbbfe7,95196,San Jose,CA
5a4bbfb3-dd44-46ae-9ce5-3799169a62ae,0c414ecc-cfac-4264-8079-d749b659d795,77002,Houston,TX
53b1e8f0-6ee2-4367-8a34-23982906e422,15edb3f1-4ae6-4370-bc18-d289026f8319,85036,Phoenix,AZ
cf730cb7-c74d-48d2-b199-be9a991c72d6,394a8344-3e5b-4592-b904-4a62283b1265,95184,San Jose,CA
26594947-4fb8-4eb8-9785-95df442bbc64,c5f90ba6-d87f-4784-9bc3-033626f4545d,77044,Houston,TX
8fa271d2-fceb-4efe-9773-5ed085019e14,fc293f09-3d43-4e60-923f-8236784036c1,75255,Dallas,TX
13422f08-1776-4dd0-a674-636b3b0755c7,93921326-0d1f-4bd3-9d73-d4c89f65291c,90034,Los Angeles,CA
09ea0d82-fc9d-4779-a4f7-08910fafaa2d,215b5d50-493b-4702-bf41-b41c2dda8251,95133,San Jose,CA
de602a8a-49da-44e0-8355-13b2fb7d02d2,18c4a96d-22be-4bcd-8f6d-6e09bf33c6b1,77042,Houston,TX
68aa65be-384a-4217-aa8e-faa827f73894,4c178e41-1a2c-4827-815c-3eb455b36101,10007,New York,NY
bef53b59-1e3a-48f8-b185-c2975cbe343f,5f85428b-804a-4092-9993-e558b341c6ab,85021,Phoenix,AZ
93ef3da3-198f-4ede-a1e1-af9f858071a3,4a8e61d9-b610-40aa-8367-d6988920c2e3,10013,New York,NY
8d8a4835-274f-419b-9194-e212ea3df653,30992d7d-f306-4c1e-ab2c-83df710ec3de,78224,San Antonio,TX
3c8f8d11-f561-4d8d-a587-cbee6f0684f2,08c221e5-784f-44b5-85f5-c04ee2196b9a,85073,Phoenix,AZ
1d1cafec-2282-48c3-a0b2-b8610e82c54d,2ea05f70-8334-4c0e-a6e1-65e46f85212e,19031,Philadelphia,PA
1306cbbe-0ef9-4fd6-b327-3835ffe03150,17cbc529-fcd4-47ce-a9ee-dbc6e6b98c10,19017,Philadelphia,PA
58641666-75ed-4959-a8b2-b82ce6ecad25,394c8083-c979-43e6-8cc6-3f78f0313390,77015,Houston,TX
2062bb73-5760-46b6-9bfe-15ed60a16607,3748fe42-70cd-4ef9-ab48-3da66e27a1e2,85030,Phoenix,AZ
cc32c9eb-3da5-4b98-a736-7e5cbdfbede8,8632b7b9-a80d-4c40-96c5-7d6a616caa19,78201,San Antonio,TX
af3b6daa-29e6-442e-acf1-e5e00ffd63a2,2589b1d8-7e5e-4112-bad2-cf8f5223d9fd,75215,Dallas,TX
8378df92-a0c9-46a8-b098-e8bf0521481f,6ccdae15-e813-4c27-b23a-285c4a8449a9,10051,New York,NY
4e4abf87-2917-4ae7-a151-3efaddff0a39,2b3a4dd4-a041-4c57-92b7-63ae501cd625,60037,Chicago,IL
47ba081e-c958-4c15-a3b0-057bad08b611,e5503376-c986-43b5-a8f2-129b3ef8e5b3,75225,Dallas,TX
eea8340f-8fa0-4740-8dd2-1893eefb22d3,33847cfc-e601-4297-98e2-1e6a5b53e094,90080,Los Angeles,CA
d08155d5-adbf-4b53-b70b-292091538795,5cfd5831-7d39-44d4-a306-79a676ca5805,77056,Houston,TX
e58824a9-1f6d-4da3-b20e-c291cec83b62,6d0ab050-dca5-487f-8055-7450e2edda09,60001,Chicago,IL
04775adc-8b06-4968-bb60-d11c3c23e55b,31b32970-6c95-4046-9dad-1a8a8b596b78,75219,Dallas,TX
841b7942-197a-40b5-bbad-f53a16ce467b,f95b7812-e172-4b00-b893-6c82f15ba327,60035,Chicago,IL
f5851db0-40f2-418f-8a8a-b26c8659314f,6b1875e2-791f-4495-af4c-c8fe5752c96c,90009,Los Angeles,CA
f718a7b3-32bf-4bea-ae24-596dd40284dc,6401f451-8aba-4f4b-b154-e0adda792674,78248,San Antonio,TX
6a3a29a7-79e8-4bf8-9c78-26f690e36eb1,bb4a3277-38dd-49e2-9e6c-ec9f323de9d8,10006,New York,NY
38aa5f9e-d2d9-43b8-8e96-7f3e06c39415,de4219d2-647a-4e39-b7e6-01018061e3dc,90050,Los Angeles,CA
f0622b2d-5a74-4c61-8e6e-cf27fa0df0f8,5190d041-5655-4b42-ab79-f687b510ae32,95183,San Jose,CA
25abc114-7404-4f11-8d71-b65ec6153527,1bfd649b-00f1-400d-bd7f-c5a25d344719,10062,New York,NY
61ac2888-8c72-4f46-9910-4804654151b0,a7ef2957-000d-46b2-94fb-8c0c12a840e7,95154,San Jose,CA
111ca210-c709-4439-98a2-664fa47eb3d4,98b8a50c-ef7f-4317-9ee1-a73ffd8c49b5,78251,San Antonio,TX
5f85a027-a546-4c6c-9a3c-0321499c1b07,090aa250-4a62-4876-a558-79c2b5496386,75283,Dallas,TX
d3f6ed18-fbee-430d-ae8f-e1eb9d882c20,73e3db3e-00dd-4ea6-a90a-d5ae1394954f,60011,Chicago,IL
6b862beb-67db-43aa-b089-d8b17797b86f,b160871a-e348-4535-a4a6-7e7b863abeff,75265,Dallas,TX
4ad26b71-199a-4c1d-91c0-13c1b075b516,5bc4d5cc-5ecf-4fba-895c-eeb1c2667e85,77016,Houston,TX
6835c80b-3a64-40c6-a8fe-47a828ebc348,4e016b0e-85d8-4181-93d1-70470d2b9c5d,78291,San Antonio,TX
fe436e17-f511-48f4-bbd3-c45ba6a1eaa5,51bb254e-d464-4b1a-b254-3966c9ac8996,10026,New York,NY
bed90a69-34d7-4ced-acb1-7c5122ad778b,d40c38b4-bcb6-4dc2-887d-b7c53aedff2e,75282,Dallas,TX
15636744-1fa1-4494-b348-4389b23a03ad,8cdc6c52-6cd7-405b-833c-1198e920b25a,90032,Los Angeles,CA
cb8abe95-05dc-498d-a9bb-473f5b8446a9,c6c883a1-3b13-4a3e-bac6-d417461b1836,92129,San Diego,CA
6da04d8b-0ead-4cb4-9b07-7882b174ea18,b8355e81-2efc-49ad-a39a-22ae57ba9b1f,90026,Los Angeles,CA
f18f6065-2e04-47c1-b813-d6cf1a36d194,c53aaf24-0a85-413d-87e8-18aa16dd52da,60045,Chicago,IL
8e325a5d-d3ad-4342-a1f1-aeb88866844c,a78d6e61-00fc-436f-bb62-8a17b4693513,85036,Phoenix,AZ
900c7b13-0978-4fcc-b4cb-159b8406a6d7,e24faaa1-a032-419a-95ae-f9a25de3c41d,78233,San Antonio,TX
851294c1-33bd-408e-93f0-d0db65144ba9,65a887a4-4fe6-492b-903d-fd8c8ca1b850,92111,San Diego,CA
4f0c7e5a-8c25-4735-9208-1968d31bf95b,6c8c9a78-b6bb-4ed4-849f-4dbda7e443d1,92138,San Diego,CA
e938fd94-c61e-4625-b7c8-ac7034fb1e08,7135905f-a1f1-4cb1-a8d0-8f4c6ef23bb1,19046,Philadelphia,PA
32969344-9f3b-44c3-a4be-cd5fe59b8905,fdd2b7b1-3e88-42a2-8f55-56b68a48cb32,78287,San Antonio,TX
79134f96-7568-4cb8-904b-e7742de515fa,22338f04-1aeb-4465-b676-cb3e38ea618c,77075,Houston,TX
363c825e-bc1f-496f-ac11-43507428b68c,7a12ba6b-2b43-4060-864f-a0a522a70916,78263,San Antonio,TX
149d6361-596d-4bc5-8189-3b382451c39a,024e113d-d4cc-49a3-8ea4-0bdf71588ef0,85011,Phoenix,AZ
0d751a25-031a-403c-9c80-941922434450,2521fad3-d14f-4daf-9f34-b9d24abafc7c,90083,Los Angeles,CA
7c18749d-045b-49b8-bd4b-c3575f67698e,8abf45e4-9ced-48c6-b503-316fe0bd1a1f,90038,Los Angeles,CA
8be5b6c7-1167-4159-9a06-8a49d04624b9,4143d756-01c6-46ae-a20a-4f32ab99c758,90082,Los Angeles,CA
704edb6c-09df-4279-a1f1-2c08d8bae1cc,82783f77-d6c0-452d-a42f-ec6f2f3b6f3b,19070,Philadelphia,PA
6d85fa96-df6e-476d-b33d-625176d4a69b,fde703c8-5847-4470-805d-778dc47673f7,75246,Dallas,TX
a4a20c05-20d2-4949-8f65-c57aa631256e,b6651b26-ab5c-4dfc-b912-2b1edd8e9722,90044,Los Angeles,CA
721ddcb9-cb2d-47c5-a45b-80d6900ca18b,7252177b-329b-4080-a22b-9050a78c6e0d,19027,Philadelphia,PA
232ebbf1-fc8f-4dd7-9e83-c9ce00c077dc,12a82b71-5904-4ae0-90ef-c71693f054e1,78208,San Antonio,TX
4c9a6929-4ee3-4870-a96c-844c992c62c2,e34bd4b5-9cd4-4544-8b07-4c2e6152d01e,10075,New York,NY
d8040b09-9f87-48b1-9f3a-07af5d061c67,6c8743ec-6491-492b-9d1b-a4560ffceddf,78217,San Antonio,TX
7c0164c8-10eb-48cc-afcb-78a53b5d3aab,05c27a5b-9ddf-40ae-9404-79cb2ce5c185,75273,Dallas,TX
3cd2f851-0774-4f00-b1b2-71436298baca,ace93527-e2c4-46d8-ad83-df88399a888b,10016,New York,NY
2365996c-eec5-4d92-be7b-acb2c93b8851,2da27097-8286-41ac-94de-ff1ad304d595,75210,Dallas,TX
b2f2dfac-801e-4f76-a271-bb83b7fba673,2bc5eae1-bcf7-462e-a0e8-18a1860aeb27,77088,Houston,TX
d2f74d16-81ff-41f1-9ced-0378d1a8f83e,719e41e2-9436-415a-ae31-9ae679faafc3,90046,Los Angeles,CA
1c89b9c7-51bc-4bc1-accd-823aea14246f,63e9c657-a11b-4041-aa7b-1f93ed773ecb,95130,San Jose,CA
559af023-8090-41bf-ab74-fed9990b6260,220d62bd-8056-4f7f-ad3d-4dfbebb7ce2a,92151,San Diego,CA
23e08b6e-ec53-49ab-8f2c-5bf5a869b55f,265160d3-76b7-4507-8513-aa8404b5ba0f,75205,Dallas,TX
c802fd41-4c86-4676-87fa-8c68dc8a30b4,4e25f016-2c16-436f-bc2b-2c330a556586,75203,Dallas,TX
ed061b9c-16ba-4f22-a446-534afea55042,6156e770-813b-497c-8a5d-60f9df244fe2,90011,Los Angeles,CA
5b5dba55-dcc2-40fb-b88c-b8868975b32b,42df0641-0edf-4015-b7d9-b7067d569450,95176,San Jose,CA
a52b0636-d56a-4e0a-94d8-2b672500ca75,081bf9a1-4a80-4201-92f9-2b708d965404,75291,Dallas,TX
5b98f69c-9677-4ab8-9248-45539fbf8d8c,e0d1520b-8dac-4d7a-a094-9e709845d72d,10042,New York,NY
1a29a62b-d318-41e9-b6ab-232b40301dbb,013be49e-23b3-4681-9ca5-e3fbdb097834,95156,San Jose,CA
7f82c857-a9f0-4aee-a7a3-a4f646a57991,f66a5d41-d2cc-4694-b6ca-e487847af941,10063,New York,NY
a66a55f8-fb9c-45c4-a852-5db6593145d8,4065e55d-fead-4857-a1dd-bfda243884a3,60029,Chicago,IL
a68f6300-7c95-4bb9-8bde-bcba9ba60ae0,68f23df8-f0a0-46e3-bd3e-522601b0f5a2,60036,Chicago,IL
699c467f-92e5-4ffb-8ed0-4ad735cdfb75,b02879ec-4c96-40ca-9111-bb684e517147,60018,Chicago,IL
be90dc9b-300a-482b-a68a-32b2fd33e10f,de8e28ba-d883-4621-91a9-c71cf663a3c2,19083,Philadelphia,PA
48eb2fa1-ed33-42cd-a613-94f20f71cb4c,e4b4685c-16b8-4c84-b576-95aab5d3829e,60026,Chicago,IL
25e24c09-f2c3-4acd-94fa-d227c536cf0d,78fa3da2-bd2e-4097-bd9a-ee714ce0db85,95127,San Jose,CA
dbc57e7a-c610-44df-a7cb-b65df1ea218b,ef98fcc6-15be-4141-b6d0-2e53be39fbfd,78282,San Antonio,TX
93da254e-34ad-4f04-91df-596d5b817865,2f005a1b-0aee-43d9-afd7-55e9cc5ade79,77000,Houston,TX
ada8bbde-f976-4c90-b332-f3d73dd621df,9fb34adf-4efa-4516-8e5e-b24be10d727e,92118,San Diego,CA
29d3d38b-a47e-4ae8-af64-143fb1f0857b,6ddb9c16-0679-4fbf-922c-68785099eb91,77050,Houston,TX
fb00317e-754c-48db-ae7f-1e4b19efaccc,20cfe683-140c-43be-a63a-add354c74d85,95134,San Jose,CA
4f1827e6-f339-414a-bbcd-697ea3b62068,41caf5b6-94e2-44fe-8dcf-441db0bacdf7,95184,San Jose,CA
30b307dd-de8a-418b-8112-b65d3af95ea9,6424c041-88b7-4664-8e30-57a022cd078b,92172,San Diego,CA
f1e50696-77a9-44fd-8648-6d8a26af8187,efc0bfae-cfdd-4c28-857b-dff374f214b2,92169,San Diego,CA
4f7f213a-4e08-4280-98b1-ccfba8d922c5,19421ba9-8321-4296-b8b8-a402fc3fe639,85040,Phoenix,AZ
a24e3c85-d1df-4095-8f04-e8e188b0631e,1ca969e2-947c-4627-b705-792fb87ea63a,90012,Los Angeles,CA
69661352-8be9-43b7-89d2-c79df4f5e358,7b8f96ca-424d-4b43-bc7a-5e490003a54b,10012,New York,NY
4706df8f-91ef-4a3f-94f0-6c4f0dbb4c0e,d96fc8a7-245c-4409-902a-d313e3e0394b,78231,San Antonio,TX
be6561e3-670e-4fd0-b15a-e53d40d58728,82ed4d8d-73a4-4d8e-9813-b586c7de167b,90004,Los Angeles,CA
d1df06b0-0ce3-4e1c-b1cd-1059540ff705,bae935e6-ce65-42b1-8fd8-8c36da08f531,10011,New York,NY
681aacfd-30f7-449a-a45c-5512051eaee5,a12388cc-171c-4395-b49d-771ee634a201,10085,New York,NY
cfda65f1-23a5-4bca-8e72-e53c1ceb180d,d8b4ba54-c833-4c7b-bfe3-a67bb8997348,95182,San Jose,CA
176f9aaf-edb5-4823-8e83-f249dd2acf53,a62861ad-c952-4b14-b7eb-6d89d9bffc14,75288,Dallas,TX
aeabdcdc-7ea2-4efa-8e6b-d84c2efc3325,2b2af2db-adb5-4bdb-89d1-68b2b68cee1f,77022,Houston,TX
44500b79-c149-4b6f-83f2-ffccdd70cd4d,f3bacffd-b63e-45f6-b3a6-36d27c57823b,10044,New York,NY
f299e95d-aea3-4553-aa90-2ec66a8e20e8,4f0552aa-1c14-4356-adfa-0f5f4323cc05,60073,Chicago,IL
78c2367d-1b0a-4f16-a732-cd83e1f66ff7,e2292be9-5143-493b-b627-0f9960c634ad,92199,San Diego,CA
30b78c49-6992-4963-a3c7-f2c1172cd801,0ceaa325-0bc8-4428-b85f-986095f8e5e0,19094,Philadelphia,PA
186c3178-e6b5-40ac-a4fb-e4a9e7d60fe6,3c328223-57af-4b00-b7cb-32962f30244d,77080,Houston,TX
2c60b3ad-40e7-4cd2-8742-7deab680f558,b149186b-0e09-4002-8da1-bb7c905c20ed,95131,San Jose,CA
c681aa39-e70a-4937-b521-0ed2cd032460,b908081d-4563-48ac-a853-b7192f51d401,92118,San Diego,CA
d5eceac9-f1a4-4ebb-848f-2b40981e202a,c9fda9e2-b3c9-49c9-a00d-c321e276c61b,10085,New York,NY
3fc2462f-bf41-4db7-a963-21ce6a589c6e,36cc05c8-403a-4ecf-8242-3bdf7d9b361e,78215,San Antonio,TX
a4ff8e2e-02e6-412a-8c43-22b5a776906a,c9b63022-419f-46af-aa74-805ce2f1d464,78268,San Antonio,TX
04996834-54c2-4084-a6ca-9ea153c8daec,977a11e0-df5c-4897-bc61-8374cd61705c,95121,San Jose,CA
64b083cf-4d13-4dfe-ac65-8bb8d1f947c0,51154bcd-9dc4-43d8-a741-5fd0af26594e,95128,San Jose,CA
4b864abf-91b7-4d98-a310-6fa9db0e9f0e,33597600-5169-436c-9851-304f215b7382,60092,Chicago,IL
6fbc4c56-8671-4e39-9741-d3ee5041045d,36ed0f4d-6bd6-4078-8f81-72b074f33ad8,95149,San Jose,CA
b047a260-7405-4bd6-9bd1-ba963924972e,d668e6a5-7469-4d09-bc75-bcc2ead6eb10,78206,San Antonio,TX
67d5a0de-b7cd-432b-a9b1-d22e426f798d,89e0d42d-a2de-43fb-b0cf-04859919b075,95141,San Jose,CA
6bdeb4f8-dd2d-410e-a1e6-37355f31f990,95505957-de70-41b0-ba8a-241a64706be4,85020,Phoenix,AZ
ad273221-3375-4f89-8a64-b54834a0320f,59a54937-3f61-4a0d-a6c0-1ceda1b7bc6e,78264,San Antonio,TX
3a190045-b886-43a2-b447-41791dbd29e1,8742cd67-1038-493c-9443-6831afb64f1d,10090,New York,NY
c7585fe1-6a5d-4343-af4b-270f62be0afd,94d124eb-1126-4132-b8f8-82aef4fb0bbf,77085,Houston,TX
f6ea4c4c-e3f3-48ca-904d-4066b49b9c9d,cdaecfb0-e645-4e52-b2dd-2983baedb394,77049,Houston,TX
dba11ab0-bf1b-429a-96c7-0994156001b8,eeac5364-a90d-4359-974f-fda66592ec69,78233,San Antonio,TX
0fced636-3640-4b6d-b934-665e236dfc69,286945e5-077d-4abd-863f-d5f01f9f397f,95143,San Jose,CA
f29d3e2c-9286-4cbe-a2c5-511c68554abf,d9998223-c8b3-447a-b5fd-de4d3473c8f7,78272,San Antonio,TX
8bdbfff9-0d0d-4997-85db-9ba58c916276,94c37447-ef1c-43af-86bf-aa303f39f028,60064,Chicago,IL
089d2e5b-6406-46a2-a4b3-fa130224c313,13fee622-4176-4ee3-b1f1-22d014cacc6f,10005,New York,NY
42eb194f-3135-4885-a235-c04f34b462ef,03238aa7-2050-4d03-a49f-08b8ed607824,60052,Chicago,IL
ec0c989f-54ba-4199-89e0-463289152ed5,37a9705e-3af9-4110-a111-98e486027156,90047,Los Angeles,CA
bbb400e7-0401-4594-9d9b-e349dc862ae0,9a83aec5-f238-4792-9dbe-57f2af117b95,78241,San Antonio,TX
7681ef66-414f-4383-84a8-cb7e3c05198d,8f5b6a88-78af-4c65-8008-0ed5eb22df51,19042,Philadelphia,PA
5ed7b93e-d664-40d3-81a5-95f74859674d,9b783993-9692-40a7-b83f-f75711e823fe,95125,San Jose,CA
86553d82-17c6-4865-bef3-2584b34699c0,c965cf09-ce3d-4f97-b74e-e9a0c2d2edaa,85027,Phoenix,AZ
d8052d6d-4886-4c6d-9a3f-574a2cceabce,b2484914-8b8d-4dc1-96d4-cb2dd6b99fa0,10037,New York,NY
826398e2-e046-4d71-bb02-be85b0a20404,b4ae4b5a-4145-4ad1-90e0-f4763e84188f,78247,San Antonio,TX
b17936fa-cf93-4c5a-a0f2-f34543cd0458,3e80582a-bf03-4dc4-8f60-38ff8ca87e7f,77058,Houston,TX
6a1f3267-8a3c-427a-8d3c-3f09be141602,3d3aec9a-8679-4053-8d33-b4fc4285da39,60087,Chicago,IL
74ffd67a-70c7-4c0d-9665-fd88d82a41a0,2ab2e339-bd9f-4273-9d0e-ce6e7b7c6f31,77077,Houston,TX
1588aab6-38e8-4805-bff4-a6165497a9e5,3d28c7f0-9942-40c3-a625-90ab66c7c253,19095,Philadelphia,PA
e2c38c4c-8dcc-4885-9045-4a418c8ca578,d4f3a5ed-653d-44da-bd8c-322a3e8ae359,60068,Chicago,IL
96571684-1669-4cc8-97a6-3ae57c4ef7d2,ad5543d3-7aec-47a2-9d69-18ae33b718fb,60078,Chicago,IL
f8101eb7-ea92-46f0-a731-f7fb4b4770d2,2fb48ab7-aef6-45d2-b580-75471513cda8,77023,Houston,TX
4719aeb1-55b4-453d-bfd4-7f09fb1a68ad,1b0a6f83-8473-44aa-9adc-42fff1369c3f,90047,Los Angeles,CA
5a0c1d1b-0f5c-4ee9-a5a5-0c798f6bc7c8,c4e00561-65bd-4b9b-8039-b627633ffb9e,10069,New York,NY
3f998895-c9fd-4998-b39d-332d109a9edd,91b80551-c517-4261-bfc3-a1ad70edc24d,85035,Phoenix,AZ
5d1305c0-d47f-4135-84d0-82bd6fc02f7d,86a5a1b3-f9d4-4b3c-b056-fd8b6dcdbeec,90063,Los Angeles,CA
3554ff07-95ba-4067-afd3-e74ec4c78549,9a16af79-b48f-4417-bdaf-01d807835be2,10076,New York,NY
8afa9290-a189-4982-89d2-1dd5ee021219,5aaf953b-e2c5-496a-922c-78845e305c76,95146,San Jose,CA
fcb57a2c-60f2-48d0-ab8b-158278938a37,f703fff5-4e98-4d53-8705-c5f5a1fbbb27,10046,New York,NY
73d9d6f6-4ab2-4f39-8405-8ff8101c41b7,d3407660-3bba-4652-9597-dcb8a2b2b30f,60076,Chicago,IL
a2f24877-9966-46e7-943d-95e0f967d037,bcd41320-1012-4bb1-94be-1dcd584bc2d6,85036,Phoenix,AZ
d0338a70-146c-430d-8dc2-ae609be67d4a,612fd8bb-f510-43d6-90b7-444a7650a28b,10034,New York,NY
44011f0e-89f0-4be3-b6e1-66c896c96ae3,35001a76-267d-4582-bd2e-66ddb6515fac,95138,San Jose,CA
a752914e-36e3-4e3f-a342-c615135b107f,24007f03-2077-4703-ae2f-a833ad394d7a,10025,New York,NY
13c21ea3-9195-4b3d-be0f-97307334438a,0c182695-ec4a-46b4-8dd4-1652b86aba91,19072,Philadelphia,PA
b4ee64c2-d7d0-4674-919b-1d5d8be4ef9d,56442cd8-a6b3-4259-b894-221404504cd8,78224,San Antonio,TX
402eaa92-0529-44a9-944a-5467b199932d,b8e92ac9-c622-4618-992f-3f4001dcba49,75280,Dallas,TX
36fbbdeb-97a8-4e87-9773-ba066ba88a8a,35ebe166-da17-4e71-83b8-4d1a17691722,78232,San Antonio,TX
94f4bd79-9a17-40b8-a35e-d67c0fe2450e,a04390bf-afcf-462e-829e-1805d428fb4d,75254,Dallas,TX
860c5605-189c-4bbb-8f64-d14f0e4759fc,d454e123-659c-43a3-92fd-f7897ef12141,90036,Los Angeles,CA
eb04a90e-cf72-401c-8e2b-6966baf005d8,640b9b24-6363-4ebe-afa1-e9ff03085743,92167,San Diego,CA
4955bca6-2466-4f15-914b-be931c975295,47741cae-66bc-4291-a5a2-941f84e07aea,78265,San Antonio,TX
5831c3d3-f600-4548-b8c4-81fac83441ad,55115907-8421-4380-8bbe-4e25a7600dfc,85023,Phoenix,AZ
001c46d0-0a2e-4948-bd05-0fc554d9fd4f,9b64a30b-b53c-4762-9ffc-a43de5c4c849,19037,Philadelphia,PA
e1c83915-a500-42dd-97f0-a99bdd99fcea,145e608c-b7d9-491e-bff8-db054483744a,60046,Chicago,IL
7b6f3679-dfe8-4791-ad53-cecf5907f472,8d3439ee-06a2-44be-adfb-45ca85fc12c6,78298,San Antonio,TX
b8947189-cb02-4b3c-a58b-7406aa7941f7,c5bbfed7-0904-46cb-b402-3d1b83ce9218,92146,San Diego,CA
e712b49c-5a7d-48a2-8959-66e13b26a574,1fad9892-ca5b-4c51-9996-af3231ef833b,90020,Los Angeles,CA
318e68aa-4095-4857-b1a4-520e594d8676,ca9b48f1-f59b-4706-a641-f712f40f6c34,85050,Phoenix,AZ
37f3cd9f-fd64-4169-8758-5921f080aee2,5ef42a1f-f948-4ee9-a36c-da7d6c9e74eb,92146,San Diego,CA
faf48cf9-f638-457c-9479-dbb0ad85d3ee,6c63fac7-c7b4-4241-b5ce-aed82cb2b73a,95117,San Jose,CA
9b8667a7-0cc0-4e16-b0b2-f4eb5f18cf87,582724ce-1875-418e-aad1-ce1da2346006,75282,Dallas,TX
b241759c-e183-4cc8-93be-550a38de2664,63d7ab55-fadc-4e5b-8af7-ee4c7574dfe2,95137,San Jose,CA
d497513f-04a8-4f42-8978-fb28237df6a5,44e920b0-c36f-4a21-bfd5-fcbea6075c08,60067,Chicago,IL
46c96535-844e-46e5-9c0e-6276418fb70b,11d72b7c-7c5a-4280-a668-72d1b6f9ece1,92185,San Diego,CA
00aef7a6-66f9-4a8c-ac21-c412052e83f1,b8fef614-114f-4667-89c3-5e2a37821eaf,90050,Los Angeles,CA
139c9008-c95f-4879-b536-1a6d3ec94a07,500b7b9a-1f2c-4800-8a6e-7816c148ecf7,92142,San Diego,CA
995d0fe7-62c1-487d-a21c-95980ca97b23,19b46211-3217-4a19-9a2e-b634bbdf156e,77006,Houston,TX
65fad851-c9ac-450e-b433-ca39d764e41f,a2178158-b4e7-40d4-b1da-1c305b3d4e97,19054,Philadelphia,PA
7e2c297d-c6a1-4867-bc1f-d4bba83cce6c,36058bf5-3269-4541-ab71-f7df075293a3,95182,San Jose,CA
1af2b3c7-404d-47ea-96a9-b642d14f0759,b531c4c9-592d-486c-9f39-cc1fe023c0a2,10037,New York,NY
74062548-f99c-4ef6-8ddb-11394ca7687b,957c2e8c-674a-44db-ae83-cb9af0c7721e,95113,San Jose,CA
5662e821-6720-4fcd-87e7-e8863a4bc703,e1729b99-3d8b-4ec3-b0fd-776d07a1eeed,77087,Houston,TX
145095a4-4eda-4620-aa5c-b0bf677acf13,62603a48-3029-4dce-bf70-86a1e7e541e9,92127,San Diego,CA
91689d4b-6a22-4908-ab50-bc25d96cefee,48560335-2915-4217-85aa-643f20b9676c,77016,Houston,TX
083f956e-43df-4480-b1d9-5d68d73167c1,b3f2a88e-3470-4c07-b783-7479b1acb235,90023,Los Angeles,CA
603e2a15-9f65-405d-95e6-256a6cabcf20,eda1032c-3a73-43f3-ac38-e3c93613518b,90083,Los Angeles,CA
1921c813-07b4-4162-867a-8428aaa772a4,8427848e-6fa0-4942-af75-455ad8a8f1fa,75230,Dallas,TX
f8d6cfd4-0046-4fdf-8312-5b42953d8798,2543ce7c-3907-4e4a-8b05-62382d561091,85036,Phoenix,AZ
5f335cef-883b-4495-9f03-07dc10dc18ac,fcf3508f-691b-45f7-a8a1-c58dc3551f10,78256,San Antonio,TX
3d2237a7-c25c-4220-af0a-d053f9f39430,e7d6bae2-34fb-4fd0-8fca-1269f1b20efd,77072,Houston,TX
052727a5-0188-43ae-b0b7-ca42aab12e64,cfd30545-0d9a-4373-aacf-cf64c98054c9,77018,Houston,TX
c5458dca-cf1f-49e4-bca4-8befb0dff023,106329a7-74ca-4b17-b4fc-62439eeed853,10067,New York,NY
f2ad5969-d4ed-4001-9f0c-b80009b7c378,38f31778-c327-4bf3-9330-d7aeba1f6ce7,10028,New York,NY
ac9ec6f3-8baf-4e99-81aa-d3cc9e07c278,ddb2710e-f5de-4267-9a8d-091d4495b580,95110,San Jose,CA
3837c5a1-6e06-4342-91c5-588a33594948,623bbafe-a836-4223-b73a-ea568238d8e1,75235,Dallas,TX
fc7ce9b7-701d-4e66-bd79-3156a0ae7a64,77a6a891-965b-40c7-81ae-a6f621c34e79,10092,New York,NY
f3903115-e7dc-46e2-80bc-3f136d49581a,ec462b22-7d87-4272-b304-299bd3cde7d1,60083,Chicago,IL
d6e55e4a-af92-4ceb-8525-e7a11c721cc0,a663c7dc-a56f-4ad0-820f-c8a891f7ccfe,60006,Chicago,IL
9aeceb23-6e74-4004-b0ad-121912c95a77,253a5683-4032-4288-bb3c-86556543d732,10022,New York,NY
f174dfcf-2c62-4bff-af05-932514dba3f8,37a9f66c-f0f1-428c-a7d3-4bce87e51608,90038,Los Angeles,CA
2d4eabca-f9cf-4862-9664-229546768d18,cb1bf280-9225-405e-bdd7-7b91355d227f,95146,San Jose,CA
17faf281-fa6b-4e6b-b650-1b2b7db77e5f,6fcad559-a80c-4588-bb50-8fac80f0f5ac,78203,San Antonio,TX
6a284c04-fca3-4d99-b824-be9174389662,879e5745-d31e-4fd6-99ae-477f10e10254,85000,Phoenix,AZ
38607f5d-e132-4106-948c-7c9339abebf3,49474a61-4cc9-443c-8337-cbc42bd981b3,10068,New York,NY
1336e318-1a0c-487a-a43a-614930a5510e,f09fbabb-b7a5-40f1-bef4-15dc65c17ec8,19079,Philadelphia,PA
e49b016f-0da3-4a4f-b8a2-af5e3b39b60d,b7a4587b-74ef-4ec9-a2cb-cc0db001e797,78259,San Antonio,TX
dc6184d0-90c2-4df3-bf86-a31f5dc5684d,89af3536-fdc8-46fb-96a9-8c3dc3130efd,10083,New York,NY
34892991-fd54-4c87-a7c3-05c5dccc118f,98ca1790-7d5f-4936-a39c-37e20ad592a2,95120,San Jose,CA
1f5ced91-0618-4102-be48-2ccbc394f971,bfc2ad6d-f8b3-4dc2-b4a7-243ae6a5b838,10007,New York,NY
fc1b58e2-5708-43f4-b499-8f1bc91694cd,64d10e8b-fc7f-4976-b6e4-2cedc07b45b6,77092,Houston,TX
338a1fda-fa6a-46c8-b081-7a7edbc7f330,09755922-46fb-4bf7-b998-e850daf9e414,75203,Dallas,TX
dd9aae8b-c041-4de6-bb35-2f898da4d9ad,a3762ef3-f537-42a1-8ce6-47ded893d87c,78250,San Antonio,TX
8ba4f129-8d79-4e92-982e-17977769a042,80ed220d-aab7-4735-b888-cf9e656eaad1,10048,New York,NY
7bb00ab1-df84-4582-8466-4238a3a26c1a,9fb35aec-9683-48fd-b9e5-c6c63c5ae7b9,95169,San Jose,CA
9055319e-dfdc-4b67-ae5d-db563a3acb63,6acb0702-1d15-4edb-a7c9-51712c7897d6,78298,San Antonio,TX
a82b68ef-fd9b-410e-8679-676fb53df1a0,fc01ef36-072d-4e6b-a30c-c0ab73e2c184,19005,Philadelphia,PA
d10f2be2-2ab2-48a8-a274-d3ea29eb42ac,0201cbe9-c778-4e92-8152-7502cc42949d,85033,Phoenix,AZ
378ff1e5-4318-4326-aa68-1d6d35424e5b,a6a1703d-22d3-4460-93f5-657b463f776c,85023,Phoenix,AZ
4862ffb8-107a-4554-9880-f65b599f3775,3dad3437-7877-4c0a-8a16-4a6d4d9c0230,75268,Dallas,TX
8ec0487b-4369-4ed3-8a51-40d2d9c62c63,46aa7d6a-db7b-4bbd-bec6-31dcd4158e77,10020,New York,NY
a8469831-574f-4e8a-9ca4-390cbcf8b70f,16feccae-9c3f-437c-824a-673f673bb003,75289,Dallas,TX
a420dd79-9e9b-43a9-bca7-9faeb572913b,10db9b2a-2032-4f75-a547-cb6e10ac88b2,90087,Los Angeles,CA
d11e93d2-b813-4bcc-bf7b-55d7222cb030,1d3ab040-ff9f-4c03-aec0-0c77ef67dcc0,95137,San Jose,CA
9f0cfe49-01a2-4ad1-b3cb-a42aec18964e,3ef19046-3bf5-43cd-bb54-e2e8234c15a7,78281,San Antonio,TX
ff6dd966-411c-4d27-a0dd-e3ff4d58d638,2fcd61f4-ad00-446d-9319-18691cc144ce,10010,New York,NY
86a59c5f-dbf7-4e02-8b90-1c1d7cbc8962,9d4daf7e-adde-41ae-acc0-bc22cf5de0b9,92164,San Diego,CA
92bb2ef7-19f7-433e-9d9d-f52e8dd0d633,8e9e3e1e-a451-4c07-ac2f-79ecc4afeec7,75290,Dallas,TX
4a75b053-92a7-4e38-965f-3478b9ad62d5,55f78cf7-fc1c-413a-a5f9-c07b3395909f,78232,San Antonio,TX
0369113b-5f49-4e6a-a068-02d0bf8fc689,afbdec80-71e5-4a4f-831c-2cbbe2f141a1,19027,Philadelphia,PA
75bc7938-6c1a-46fb-a32d-40b6f907e496,2032a0bf-8068-4aa5-a7ca-f14d6c7df052,85083,Phoenix,AZ
2b086cd5-27a9-4146-8c61-78bcfabdb6a3,41b93407-1305-4f6f-98a4-ac1a4507d8a1,90043,Los Angeles,CA
68444849-1942-47b2-8cf9-1cf901321f97,e0643aab-b964-4037-94a2-72311d664a3a,75264,Dallas,TX
6f13a63a-3d98-4151-8bc4-f78e6db111cb,07d04b1f-eeda-4138-afef-7c10eb2a54d1,75298,Dallas,TX
c89d0786-98a6-48b5-bc2a-216bc38fcbb4,d1537cf3-7f8e-4f70-957c-a3567c046722,85072,Phoenix,AZ
460e8708-49db-41a9-a3fd-7de13936ca79,ef2e427c-df55-4735-a835-1d21b97c7ce6,78229,San Antonio,TX
0e2f3a25-cc62-42fb-bef2-f9516fd535bf,cdea8c49-47c2-4a99-a67a-c14628e5b22b,10014,New York,NY
4df65908-5dc7-4048-af2e-7657838dd316,87dc14da-36b5-4f10-87a2-f5c6160ddc04,92164,San Diego,CA
4dde4d05-ef3b-43c8-92e1-cc38bba9c56e,47130983-41ac-43d0-b7f6-7acf492be0f7,19099,Philadelphia,PA
653f3a18-e8da-4aaa-aa23-b2cc9b62def4,380e32c3-67b7-49d9-95a1-b65a3a4555ee,60009,Chicago,IL
606c877c-3bfe-4e1c-b2d8-756121793324,c9e5d3a5-99f0-4113-8540-baa161ebee2f,19089,Philadelphia,PA
d859fa03-ce9a-45fb-be0c-690ad688648b,367eaaa8-257b-4b78-ba46-0ab3a90c8193,75216,Dallas,TX
0be8309c-9708-49bd-b43e-3d486eadb902,fbe2583c-a2a4-4290-9208-5e2e5e1dee54,95186,San Jose,CA
71be8de1-2db5-4065-ba8b-28d355f2a91e,ad7898f4-d1a9-483e-9598-a2bd433bf59f,10059,New York,NY
b232acdf-7e2e-431b-8393-10a7289ecf2f,590cd7e3-f838-45fd-bd0f-ca30a1490276,75218,Dallas,TX
6d19fd65-0918-483a-ba67-cbae44676645,7baf5776-c5e4-4edf-8733-4f4cd499f17d,85037,Phoenix,AZ
3386215b-4a80-4c39-8e49-b5e74ddf09df,bfe8f6e4-d4fb-4b28-adf6-40104a36b68c,10095,New York,NY
9610c257-def5-4e67-be33-aa2470416375,2968eabe-9b91-4e32-a316-2ceca7e80b4f,92120,San Diego,CA
f44fa111-fce3-44d4-80c7-781538a42f73,381000a4-a0d1-4885-a658-7c36592e074e,78294,San Antonio,TX
9bca1805-e441-44f9-9152-2aba5a153c6e,38fa957d-8f71-40b5-8ab8-b5bab62143bb,85079,Phoenix,AZ
88be5ccc-ad44-4c87-95c8-3184c65c5b2b,8048beed-6608-42a9-b603-941f0add96ac,75204,Dallas,TX
eebd8877-7165-4b20-a16c-3585c87cecd4,eb3fadd3-7266-4971-be1f-3658259cd5a9,19067,Philadelphia,PA
1bedd748-1221-4c9a-b6f8-655e805ef54c,9ea49e99-ab87-4820-9077-bb0a0e411cff,19008,Philadelphia,PA
15c986cf-9bb1-481c-bd7b-b26ec3e5320c,851e1890-f157-4d53-9d6c-79f5ca73336c,95157,San Jose,CA
9ef31067-af62-4e71-86d8-06ee54ab84e8,d3e431fd-e76b-4c85-9f86-6539879b3dcc,78250,San Antonio,TX
0f4f5e9c-68c9-497e-ab37-aa21881e4a3e,9bbd2bf6-0629-4bbd-9b26-4c9b4ea581e0,95123,San Jose,CA
2aeb5f9f-c6c7-456f-bfc2-9280c60d2cdd,4897644f-585a-4f2e-b38d-f84cf415644d,85039,Phoenix,AZ
aa93525b-b28f-4c11-a944-daa8f0b3c1da,e3acbb9b-e55a-42f5-be16-c2028fb8445f,75242,Dallas,TX
5146f839-3a7a-4bfd-8fbb-594c2aefaf75,8961d1c5-5233-4c76-a0d7-c34f26e52f75,95174,San Jose,CA
59beb8ba-fcd7-4e15-a2b6-799823557d26,1e953683-61f4-4c11-ab8a-9940911d15fd,95104,San Jose,CA
7f5badda-2d94-47a3-8b0f-6138f27852c1,95368802-96ec-44fe-bef8-6a0bcd7b2412,19049,Philadelphia,PA
d6f0ece7-cf41-47a1-a7ee-352bf8521c0d,6e1ae8f5-3ff1-44ec-a7c5-fe34e156c0c2,90052,Los Angeles,CA
53fbe5af-3c3c-4aac-94b8-96e4f5dbc308,247cb779-068e-494e-b907-3e47eca32887,60009,Chicago,IL
be30dc51-755c-44bd-9f49-9c2e17755fe4,3d869a6a-05d4-4a91-9cc0-9030b2ff1806,78246,San Antonio,TX
f25b1632-d280-4ca4-9687-ecde03ac5dd4,c0bd22df-332d-4404-8d27-8ad6b49d3df0,78204,San Antonio,TX
ff8a2464-94ad-4c6c-a6b4-bb57029a5508,10beec80-0a70-43e3-b8a1-bc8ad43de886,85005,Phoenix,AZ
d1cde4a9-ad45-4900-9d6a-d28ecb28e3f6,abb32708-64d4-4d00-b229-e19b55f80d66,10038,New York,NY
e65d4075-15dc-4215-b1fb-3cdbeff4c1d2,e9ef3378-6336-4087-a340-affb57544f69,19039,Philadelphia,PA
53e816fb-6db0-4c3a-a49a-c1b91840a47e,dc910d8c-0cb7-4027-b2b7-8a1d5f60d885,90053,Los Angeles,CA
f56fc10f-2bb8-4d0d-a6e8-08042e012eab,ae2dfe8f-52ee-4b06-bb5b-91d59228ec8b,60025,Chicago,IL
c104904d-db0a-477c-b855-ba6478f7c25e,c32a93fe-d2e1-4a73-9692-b9e0920c408e,95156,San Jose,CA
baf7a710-2a30-44a0-a31c-27ea0024c751,aa4c86ed-5ab6-4a57-9ae7-b23a5160fb7c,19075,Philadelphia,PA
201b9cc9-e497-4a08-86b1-9df1e2dbb0b6,87c03473-1dc2-491e-8309-2bb9436001bc,19013,Philadelphia,PA
12b937f9-662d-4898-ae08-50b7ef2d7dd3,57b3f2cf-13e8-480e-83a0-d15faa68d321,10024,New York,NY
493af7d5-e776-4429-90b1-ae71ac94c42f,05d8e9e0-a99f-43a5-be91-b1fff562425c,60097,Chicago,IL
0b6eba03-9c80-4144-8362-e09780d56000,c0e4638a-1009-41fb-a9d9-9b3ec44c345d,10073,New York,NY
5184c068-7c85-46c3-8676-c307410e77b6,db2d5c64-1b4a-42c4-8546-dc6a857f9d6e,90087,Los Angeles,CA
9b555d96-6b36-478f-bbc2-68a6539bf4c9,d6c64443-11ce-436e-a782-18cd77e86d14,77006,Houston,TX
60bebf39-e013-4670-9a24-f01c0b49046a,30dae7fa-423b-4b3f-96b0-35f42a77a139,95129,San Jose,CA
efa411b6-2384-417c-ae2e-8bc87253eedb,cbc64f92-677b-4c54-8520-869df79e542d,90041,Los Angeles,CA
ad909ec7-c214-4a7f-ae48-fb56ef9878ed,139cc1b6-d04d-49df-9808-c36e9000e513,95137,San Jose,CA
f66cf2af-064a-44e1-a12f-211ff0c332e8,4e74029f-5e75-4d89-9860-6cff08ffcd88,75286,Dallas,TX
6ce3a0e1-6a5e-4c06-8a27-fc669505bbbc,bf417212-718b-4f05-94b4-d6cd61753221,90078,Los Angeles,CA
1073f617-a771-4686-880c-fb060e840d4c,6d0e12cb-fdd1-4849-9b97-1199effc57ec,60003,Chicago,IL
12274e1a-47da-430b-bfff-6922e9c25c92,692c2c37-f2aa-4d64-98bd-203984a98913,90026,Los Angeles,CA
537bcd77-5d13-4c06-9273-04c06a4c0fc3,225597bb-81e7-45c9-9d4b-1d095c2382b7,60060,Chicago,IL
83bdb6ae-fe76-4fd5-8e0c-dbaa5d2007ea,a2a0f8cc-fd88-47a4-9c38-3b7ce08f30a5,92182,San Diego,CA
5c2121ca-80f8-4936-ba20-a1118cb6b49e,1700f343-2bae-4298-8f52-431d3408daa1,10082,New York,NY
1bbfee58-a9dc-40dc-8244-d1a7f3ffd51e,dc4fd82c-f545-4693-9d65-fa71b9bb3f20,95102,San Jose,CA
a5b367ad-e0cc-45e6-abef-be11af609540,8c30a7f3-299f-4103-8e88-d2100642bcf8,90016,Los Angeles,CA
2fc05eab-361a-4f66-a7d4-6e90874bae71,3c1776ec-2393-4025-a0ad-ab27ff3a16ea,95162,San Jose,CA
7938fb4e-4164-4633-9feb-319f542f6138,41cde2db-0a91-4f9e-bc7c-f37edf98e38c,75201,Dallas,TX
4bb730e8-4503-4b1d-9a47-1920fb3254f1,8c5c4b8f-5517-4a6b-9960-81b8d21bca09,85061,Phoenix,AZ
e5b3e536-c293-48fc-a062-1a76f9afeeed,d722542c-6bf3-4318-8cd5-ff8ed750fa97,95136,San Jose,CA
0b351959-dd2c-4b53-8f33-d2966e6fc00c,2bdaddf2-839b-4603-9d78-b53fa466948d,10035,New York,NY
b981b95f-6634-425d-b6a9-617acc7ed5e9,284f44af-01c0-423a-be98-2a298aad9169,85009,Phoenix,AZ
203a2acd-7769-4150-80cc-f8295bce3954,6c1d60f6-7c36-4fc6-b3eb-83b2042d91e6,92161,San Diego,CA
a4514e5e-0c6e-45e1-8cb7-8156f0cb8710,a6fa3fc3-d0ba-4b48-ac01-1ffe73c814dc,92107,San Diego,CA
6332a844-9add-474a-93f9-73aeacf83180,4c18f487-fc23-4ec2-83b2-5ccb3a634ba4,75276,Dallas,TX
1620a097-13c7-4d5d-817c-c1a2ac56cc53,14672a8a-3451-44fa-876e-afe9712d8560,90049,Los Angeles,CA
41ba2b3d-3f56-4ad6-8a59-dc9083af6886,65ed47d7-0750-4ea4-8aac-818979563d7e,78215,San Antonio,TX
15e51a58-1771-456e-a396-1f144d3aceee,563c09a6-fa30-45d5-b2f0-db9b53d4be19,85024,Phoenix,AZ
650061a7-6020-4d1e-8d2b-d86c1ecbbfd0,e2ca96e6-47d3-4c07-a328-451a887826b5,78282,San Antonio,TX
d7468fda-2baf-482f-b7d7-f137f7f0a334,57f4fd52-19a4-4963-a8fb-3bd7e97c8d67,78229,San Antonio,TX
6e446121-d369-4830-84f4-1b21e4cc8bcd,8f3f144e-0117-4d48-9f89-b7ac64804ace,77035,Houston,TX
247c9189-95c8-4bdb-b3ae-8666739974b1,c715aa73-a5a2-4a65-9e46-479eaf6ee695,75234,Dallas,TX
5e041354-03ef-4d27-aea7-c25a154866a7,bcaaaa75-6a06-4717-abbd-91f7cb68ef5d,10042,New York,NY
914afe2c-8ac7-4a38-89ce-b527b3a2ac43,fc5d5b6f-9c67-4070-9fa3-2a4e8e9249c9,10046,New York,NY
f310c86f-5449-4977-ac92-f4fd0ba89660,5b37ea9c-552f-4407-9ef1-95309fba7277,10090,New York,NY
4eeddde9-e638-49ff-87e5-4801c3d3f4c7,eef1f99c-2512-41df-be92-4f0b64c5d07e,92187,San Diego,CA
13fb94c1-72a5-45e1-a946-785ca8773ca7,2efae683-177c-4ac0-8175-dfbc0b9e5346,92178,San Diego,CA
c078a943-190e-4064-8c15-2c34090c7ed4,b730c87b-e442-4aed-b6b7-14de7ae2e90d,10099,New York,NY
a7b0b176-b37b-4950-8e29-6d0d6b5c4438,b68143d7-7c55-43e1-97c1-1cbec3c0e937,60071,Chicago,IL
1d6d233c-588f-4d0d-9305-8a9488c390f6,593aee08-369e-43ad-b690-32d85caa0fb3,75206,Dallas,TX
f3027625-7f46-42ee-be14-e8904605db47,a3977bdd-90d5-4fef-b56c-449229889ef9,19016,Philadelphia,PA
4f604689-ca2f-4398-810f-11a9023d57a4,0c4dd926-81ab-4113-8d3e-8ceada786b0e,92143,San Diego,CA
3d8e4115-2d21-4a22-9e5a-0dfe17f785b2,dd0d5645-eb5e-4ff6-929c-c2da051f7e8e,19010,Philadelphia,PA
47588afe-a7e2-4202-99d2-f11b39717712,426705fe-1cdb-44ac-8c90-134180248214,60085,Chicago,IL
a3bdec58-1bd0-4ab2-bd1b-2198b38610a4,1deeb1d3-5236-4465-a2db-ca18cfa0eb0c,90023,Los Angeles,CA
93288d97-c710-440f-88d1-890ce3b20aac,a00f5833-381c-4251-824c-0cdca4c101e6,90049,Los Angeles,CA
b3bfb735-c76a-4768-9ead-9528f1fc52b0,86f3d534-b6ea-4c48-b647-6680460b8e85,75210,Dallas,TX
0f4eefc1-be52-439d-8429-6d4bcd596bc2,c5792129-603a-400f-8f83-a9f13dbcead2,10003,New York,NY
ced932df-d362-47cc-9ce4-7b13bd289973,6e74cefd-f317-4523-ab73-09cb213d3bd6,95173,San Jose,CA
cf612df9-7ecf-4f8b-9b40-57a45893f45a,20c83475-42a0-48c6-9241-81d69d2205a4,19036,Philadelphia,PA
43b32417-c09c-4dd5-8555-b2db4b3a5df3,5cac858a-4e56-4aa9-b81e-6ef8433c2921,60048,Chicago,IL
b40ed49f-8746-4f64-871f-ad8df1ff4cff,42639b00-f274-432f-9bf3-080f1e0f3209,75233,Dallas,TX
93747979-1dc2-483d-86b1-5d28889ed022,f663b696-2c42-40bf-a616-e1856660cb42,78264,San Antonio,TX
e72e91a2-1667-4022-bd9c-5c5aaa2f9ced,41eb6559-fbb6-4ac6-a1ef-4213238eac62,85007,Phoenix,AZ
e49cde50-b131-4a79-abbd-c5bd98570cdb,62f3d651-4653-4d94-865b-380aa69cba55,75217,Dallas,TX
b7566ef0-060e-4336-ae4d-eb7b88348e04,3f3e7fe2-1f62-463a-b265-5741b815d7da,75266,Dallas,TX
dbb21e22-e6ae-4e50-bea4-eb8cc4d520c3,b8b87343-08ff-40d7-bb7b-2f86a8d7ae63,90016,Los Angeles,CA
8f9d5694-36cd-487d-bdc8-7fe95d26051f,1114a1a1-4203-48db-a56a-f853ae2ef97b,75293,Dallas,TX
a0dd30cd-6aa9-4929-8ca1-8faf93a9b3ca,6dbda675-ac27-4fd3-95c2-619d1f5169c7,85023,Phoenix,AZ
ef202b87-f896-4b06-96af-f4dcf21c2ae3,849204de-b403-4c79-a289-3b219b9e0bcf,77080,Houston,TX
534c95bf-962c-4315-bcac-3c3e2a59fedc,458dc773-a257-4f34-b0a0-5d0ffe9a2508,77092,Houston,TX
8ef73ac1-e596-4f25-a179-c961c60d0442,54dfd841-596a-490b-b442-43eddeaaf656,78206,San Antonio,TX
16f77609-da9a-4124-a6b2-c68efb690b8e,1cd2131b-a10f-43e7-b718-13f76f74d57c,75231,Dallas,TX
aa267185-112e-4c5e-9a5e-1bf12c8bf0eb,6876dbeb-b7cf-4bdd-b8ab-4b395cd06656,90037,Los Angeles,CA
1f375187-eeac-4101-b419-f289d7d0c3de,665e64b2-31b5-4488-8302-a2b2bd391afa,10087,New York,NY
f18f7593-b697-49f2-90a9-d26c049497fd,04465856-0449-4cd0-97ad-c9be1c2384ff,92116,San Diego,CA
45438e0f-c68e-43f1-b6af-fb733036e72b,28968bdd-a2b1-4425-9429-9f893fe7cd0d,77064,Houston,TX
a02d63aa-8f7c-49b9-ba2d-960983c14972,11f65a0f-071a-49a4-a372-90a3a186e7c9,78229,San Antonio,TX
7fb2b276-d897-4ab0-890e-bf7402c36670,2b537312-a5b1-4251-97ad-a5ac132a27ad,19082,Philadelphia,PA
8095f05b-276e-405c-9e6f-3b839d8c2ca8,c0374acc-9db4-4c8a-8f61-33ca8983634a,78205,San Antonio,TX
9fedf7a2-8ab9-4e4f-a5b0-84459a6a5c15,9bdb6fee-d046-4c4b-9be1-4c81104bf73b,95126,San Jose,CA
7a54ef19-015c-4ec0-8b2a-f25de3d99a17,b782f302-5353-4a75-9bff-32f6b5193773,10008,New York,NY
c7669a2f-798e-469f-9eb8-c54b6f3b2ab2,52cdee31-c088-4dfb-8d72-6d63037fc8de,92145,San Diego,CA
051a0e0a-ae60-4347-9d52-fe7eadb7a4d9,46e72d2d-eefc-4894-9268-8e08f0c81f1b,95111,San Jose,CA
1b9d44ef-4b01-4d7e-b544-1d1e1385491d,40d1f751-27a0-4b79-9b45-24158ad734d6,90098,Los Angeles,CA
13a6693a-be45-415a-ae4e-287443d53ee1,64cdbc99-8670-4b48-9bfe-9733df2073dd,90081,Los Angeles,CA
13ee769e-5c4e-44a7-b5ac-1a87ca71cf00,8d853461-3366-41b7-babd-1ed9f29ec1db,90061,Los Angeles,CA
6bccafce-0a33-49d6-a195-026110b899cd,955e79b1-bde0-4fe2-a368-a3073b9ebcda,75256,Dallas,TX
be0cfc6b-cc65-47b1-8b84-6d034005e716,8362dd8a-596e-438a-8b21-29d628bf7f6e,85052,Phoenix,AZ
aef116f4-ee09-49cb-b0ee-26054eae1010,6af6872c-9c7c-400f-868c-b603b8b5d345,78285,San Antonio,TX
3e4c3448-583a-47ca-8b36-e8ddb1ce331b,9b285c43-348d-427c-8f29-177c6d399a94,77022,Houston,TX
dfa7ac38-8524-4726-92f8-1ba436663d5a,e631009d-bf61-47ed-9672-fec1f54c6512,10066,New York,NY
c1f7d4ed-7d12-4e27-b717-b1e91076a47e,6c3f9258-d975-42af-920f-eac7142208fb,92164,San Diego,CA
3bfc06e8-c154-4803-b8a8-a282d3932d8a,312601c6-f535-4982-af7c-3ea04d6b4498,19035,Philadelphia,PA
df348c39-d634-4460-a122-14dba87ae484,777d6326-3a91-4dce-971a-d071406573ea,60015,Chicago,IL
b4a0b65d-2d4a-42b2-a5c3-7ad5f5fa345c,dea30256-53ab-425b-8666-1bc8cce89ada,10058,New York,NY
cb3ba310-e596-4f06-a80e-3c8c1859b44a,ab731b25-78c7-40e9-9ef4-3ad88aa65616,95111,San Jose,CA
1456bcee-fd77-482e-ab39-cece67886d3b,124e218e-76f3-4441-a3e7-cd1426e496af,10094,New York,NY
07196372-1dfe-4116-a39e-cbcb33379a80,515625b8-b343-415e-9da4-8c1cae24d939,60014,Chicago,IL
52d62a80-d9a3-459f-b148-7e2702307de3,d7b34f36-f7fd-42fa-924d-da56f76e67f4,75238,Dallas,TX
fba73d85-7569-4401-9b3f-47fd2acc7a59,5acb1c35-8902-4433-aaa6-5e601da09dc2,60003,Chicago,IL
9325b99a-aad7-4c6d-ab4d-942a087d9b30,e7d22781-cb9e-4c5a-95ed-bf763dfe70de,60059,Chicago,IL
88b7ccfc-1ca1-495e-b79c-21dda9f99bb9,8070ae15-e966-4cc4-a5a3-97644509e95a,10042,New York,NY
4b2bce23-9865-42d3-b567-0f27bee205c3,b6b4f0f1-958b-483a-93aa-cc5079625e5e,92150,San Diego,CA
08a69016-830d-4082-99ee-be843d830863,bc65d953-8bc1-4a08-a035-448dcdb4c7fe,75261,Dallas,TX
4052b046-2d13-4fca-af1a-f73ca064c016,cdf9ee93-4295-46dd-9011-3ff60a270586,78207,San Antonio,TX
93465877-6216-42e8-bced-718eb0852231,b0fafede-7773-4e0f-bb36-84c0d9824f7b,60013,Chicago,IL
2063f59e-7c4d-4ab7-b5fd-f5099ec1fd04,0c781770-604c-4682-a63b-ef3d1785823c,19094,Philadelphia,PA
34238015-e0cc-4de8-bf0b-503ddfb0273a,2a4f6323-b657-4638-ad7f-7e3bfe57ff44,19000,Philadelphia,PA
d9f62e51-d4cf-472a-b98b-9e0d40594b7f,252ed3c4-1de5-4c8b-b288-7ad942ca07cd,19029,Philadelphia,PA
113429e9-a1fa-4775-81f1-ec029532da0e,d9baad5d-9231-4250-92af-6b212cad4da6,90001,Los Angeles,CA
0e8281e8-13a0-4566-b2e7-3d4ff45037cc,7517da64-7797-4574-9ba0-8e6afb4df25d,90079,Los Angeles,CA
4d195ea8-f723-4f5c-b01d-edd83eae4c47,0d57bee7-2983-44bd-90bc-a522d6d897a6,90057,Los Angeles,CA
a09ac212-5ac0-4eda-abb9-c79b5edcabdc,cad31230-e90e-457e-b391-312b98a3e970,19006,Philadelphia,PA
48dc27cd-dfa1-43db-88b5-67b336a2203e,5ca78f18-923e-4c1e-972d-031e2e72accd,90098,Los Angeles,CA
0a2167d1-6b8f-4bc7-a372-dbae2499bab3,bcbc089a-f9f9-4325-9cc4-2f4e70cc844c,95185,San Jose,CA
814f74f3-a36e-464e-864e-3291a594eb34,70a382f4-c7c4-4c91-83da-17ffa5bc6799,60006,Chicago,IL
1438924f-c607-4c8f-a3cd-a42005d5a285,44bb8e65-e15d-411a-8f16-1b721a95188b,10042,New York,NY
117f9c57-ae07-460b-a2fb-958b28e1d3ba,7fbba500-5dcb-4638-a327-b92192551e35,60000,Chicago,IL
de07a7dc-c4ad-4613-97f6-9535dd7f9289,42c2d2d1-260d-4df2-8d93-12026a9b47a7,85036,Phoenix,AZ
1ee067ab-fda3-469f-8881-6d766f40f61c,da20e814-0acc-4a8c-b2b8-41e9d8089b5c,95166,San Jose,CA
c41d4e7e-aaf1-4946-a197-a576309626a6,91f1d9df-af38-4ade-a2bf-6d26a947326e,92175,San Diego,CA
bc60b619-4f30-4220-a60a-74e5103adaf4,5e438bdb-c298-48bc-ae2c-60d3e4aa7bf7,19075,Philadelphia,PA
386247c7-794c-4604-84f0-fd89218c34a2,db862b2a-2e43-4f45-a9bc-be22c44744e7,75261,Dallas,TX
2db513dc-13c3-4b6a-987d-6ba3e7927aa1,22d5f1d2-9ad7-430d-8743-283ec4c7b89b,60072,Chicago,IL
e82778a5-9f86-48dd-9246-279847ed7d05,f56c7b13-ae1c-48c6-aaa9-cc743ca324f1,77008,Houston,TX
091a9eec-7c45-4adc-b9c2-bbf64584fb2b,d250978c-f4ab-45a1-9107-fd33d320c6d3,78240,San Antonio,TX
c4d9cc75-6ec6-48af-a1f4-dee21403571f,b90d781a-c88e-4ea6-9253-675936025d48,19045,Philadelphia,PA
46cbf740-323d-4f2b-ba67-446c11147c8d,196687bf-68c7-44f7-943b-095133a9ae1e,92143,San Diego,CA
4576410b-6881-48e2-bbd1-2284bbdf7c9d,65744b5a-677c-42a6-9137-02e75d8b24de,77049,Houston,TX
d3f6dc64-21a0-4fba-aa25-ac30816f4039,b377b079-d413-4a4a-9d4a-e140db3bebca,75290,Dallas,TX
6885c0ab-97ee-4aeb-8799-edfcfef52631,760577ee-d296-4f63-8efe-29fa15225467,85024,Phoenix,AZ
1685730d-4f28-4ab6-9e69-5b29daff117e,3faa12ec-3655-43a2-8694-415e04408cf3,77040,Houston,TX
ad99d27c-9019-4bf2-8248-9485493b8b82,e7394d43-8dd6-4a46-974f-2b2fbb55a9be,19005,Philadelphia,PA
bf880703-5352-4be1-b08c-eb19e4b29755,b2fc17cd-85d3-4a2f-976d-f15da5266d15,19042,Philadelphia,PA
af20aedf-6c13-48c2-9ee6-ef876af3654d,fe3c8323-252c-439d-bf85-a27ddc60576b,19039,Philadelphia,PA
1fd9a8ff-dcac-4788-8a41-d0583b5bec2c,e631dacd-6e92-40ac-ba22-66c875ab4ea1,60035,Chicago,IL
e756dddf-f7fc-4e69-a6a7-63f16b4bd983,2aad9109-5a97-4027-a403-484e26b3b392,85023,Phoenix,AZ
64ac7e7f-81d0-4834-bc40-276806dc8c2d,3e1e1484-ad14-4018-8620-6657b93a132e,19025,Philadelphia,PA
bff61b00-7bec-42b5-b60e-c573229f1000,155ab0d5-9dd9-4ded-926b-8cf6963fb30e,92194,San Diego,CA
6496a283-b7a5-40e3-ad2f-53aab64a8eb4,42be0e86-5105-4aae-bb94-95c3ea508415,60056,Chicago,IL
40cd94e4-d031-4e2b-b783-ff142cd39811,ce6c315f-1a76-485f-9ef2-641f2be6c3a7,92178,San Diego,CA
eb3d91a8-2b2f-41a6-bf52-06889cab807f,aaf60592-bdd1-4904-a0c5-e8960a56ec46,19019,Philadelphia,PA
27a7321d-32de-4afe-908d-45dccba241e1,ceede2a6-de34-48c0-8c4f-5705c62f1616,90028,Los Angeles,CA
d7904923-57ac-4eb4-931d-ca00d2f099bf,e11eb378-79a2-4400-90b4-08b281ba686c,92177,San Diego,CA
785bd5a0-e683-453d-b43c-26cffb978142,237ca91e-72e0-414d-884a-02e5bfe238d8,90035,Los Angeles,CA
d09d47a2-7f88-43e6-9628-f35656ed7870,5363d772-acf1-4e08-b542-0533e0aca2d4,90019,Los Angeles,CA
df725e65-bacc-476e-afbe-7d14737c5881,a20b4317-4fc8-4ab4-8376-c1c8fd60da7b,77043,Houston,TX
b5dc726b-d007-47eb-bdd4-93442cdd7e5b,6e93d620-3719-4e85-8088-586199eb1c82,92155,San Diego,CA
63a50bb9-a1aa-4557-a6c0-17d5ccf01625,3b00cf6e-bb5a-4c38-adce-ba035e75b6f2,19004,Philadelphia,PA
0b915269-05e3-4ce9-a419-b40eeccd72c9,acc2ab76-308b-4efd-928f-47c7eca305d4,75277,Dallas,TX
9b0d658d-46f6-4f93-b2c3-05b382f5070d,2519bd6f-2c33-46fd-abef-6280c9cd44d9,77092,Houston,TX
c018a933-24e4-4cc5-b806-21c78d1c87be,e795d02c-0ae9-4fe5-a960-07114ec77cd0,60047,Chicago,IL
b7359d23-e4c6-4f56-b52a-0a5d3d101a8b,22015648-7d9d-46c9-a850-9b39802b954f,90098,Los Angeles,CA
3350a9ce-244b-4081-bab6-925ded49e8ce,fa52fc92-21cf-4a00-9e3e-56764d302e4a,19041,Philadelphia,PA
dc3d7e8b-fd28-48a2-b54a-309b180b82d8,a8aa773f-ee0a-4a70-ad15-eedf64af6844,85076,Phoenix,AZ
fcf59ba4-5762-4750-80a3-bb7df6e6818d,90b113a8-a71f-47e1-a0b8-af7a06dd9e9a,60040,Chicago,IL
3f3eb30b-e524-4db8-88a1-a95827439f9c,06008502-693a-4995-babe-6a938bbe1c2d,78235,San Antonio,TX
41ed128e-bbcd-4964-821e-762043168d51,cf051654-d980-47c1-8ded-c3cd4f98233d,19074,Philadelphia,PA
12f8e2f3-2930-42ca-bbfc-3c687077215c,0ae72ba6-6f79-4ed5-a884-b229c9e64ed5,19067,Philadelphia,PA
36a225a5-51e5-45bf-a91a-959514d18547,df9bf812-a185-4d83-abae-45029b6af8fc,95198,San Jose,CA
90b3852a-453e-447c-84bc-b7f95d25e317,10ccc5e2-54b9-434b-9bdb-2f787d241d68,75260,Dallas,TX
a758cdda-a22d-4a0c-97e6-12fb2073aa2e,ec2242c0-9001-487b-bd67-3708b4896049,85067,Phoenix,AZ
7104ee02-e362-490a-88ed-b7ab901f12bb,77dd5e52-857c-4555-b957-8ea18ed69d72,10056,New York,NY
e9c93f33-e923-4c59-b6c4-e2806b966af0,4a5bb03d-ef86-49b6-9ee4-069679ccfac2,19021,Philadelphia,PA
aac60016-25b7-437c-937e-69c5dd271800,3761250f-c496-4e30-832d-0b580fd5438b,90093,Los Angeles,CA
b2f5ec89-74b8-4ed1-81ab-b7a0b698bc9e,b2248d40-72d5-4775-a503-225108682bbf,78280,San Antonio,TX
3a22577b-810d-41c1-8e7b-3696f0343db2,0d34d1e6-3220-49e9-bc45-2d4c59dc1c06,75299,Dallas,TX
fab864b5-58d0-47d8-9ff3-f2f204a262e6,1f11d335-3957-4d47-a45f-88a1a460afb9,92120,San Diego,CA
a69cd6a7-00ce-4f48-9df0-dfff94c274e7,a2435fc7-4396-4463-8bf4-e48440911acc,95161,San Jose,CA
7d72f76d-383b-4c93-995d-572cc157386c,ab5011f0-c370-4dca-a4c1-e8911c899480,95185,San Jose,CA
45fea813-ccca-4505-b483-462624a299c4,1f24f4c8-9414-4857-9f80-2041c90820d7,92198,San Diego,CA
9fbcc759-ac1c-400b-876b-c2e475706637,4a4cd37e-13f3-44fe-bf0d-bb66445044c5,90024,Los Angeles,CA
a1a6d712-83ed-4bc1-9cc4-271b718a8cd2,27d1729a-a69b-4ddf-87e7-3cf62b68a7f3,60050,Chicago,IL
11a42f05-a615-42b8-b632-7173f6d41eba,e12d3f57-75e0-4d37-bd20-2ef3e9b84da1,77083,Houston,TX
0528a509-fb45-4c25-88e0-877fcc47c642,a155992b-0363-443b-ae56-0e6b599c5835,78287,San Antonio,TX
e1dc5561-eca2-4709-91b1-d30d0b5c5c00,c18e4e61-f887-466d-b9cd-14e2f6928209,60044,Chicago,IL
bf4be6e7-d36f-40b3-b2ce-dd9fc2246bdc,55d29899-f385-4635-82e4-54d238b97906,92142,San Diego,CA
a18038af-7ebf-42b9-8575-086ee4e784fc,fe25cf1b-4fd1-42bb-b329-03ea49e9e5a7,19038,Philadelphia,PA
910e4ca6-2e47-4be9-8a09-3d7b21b4628d,af3bd77c-d1ed-4533-af4f-5588b7be3c51,95116,San Jose,CA
f7250aba-0f73-4c61-ad56-055061837b05,07d852c1-8500-472f-bba3-613c2c1172e2,10000,New York,NY
900effe2-c5b6-4b50-9fdf-1b6c8550bfea,b8303578-240a-4390-aa10-8a8da2dbd429,92165,San Diego,CA
41f947c4-c887-4458-b353-6655e577ee8b,d555b2fb-c78f-4640-a566-95c1489a474e,95156,San Jose,CA
8a3edd96-cb08-4f29-8d50-c7b681b55cce,d8c8f61e-ef32-49a0-8bdb-f6b7c0937156,19006,Philadelphia,PA
b5382eb0-5611-417c-ab16-36c02b64bc63,8e982b6c-2b96-4d62-a42e-f6c6580af867,10019,New York,NY
96815569-ff0a-419f-9176-4043b14e7c99,2d78f93b-ab96-459d-80d9-1fa3323a2bfd,92135,San Diego,CA
7f6f5ed5-8e09-4ff2-92d1-eb2774c400c7,0d0e73d4-4ffa-481a-8f31-7a945277df54,75291,Dallas,TX
f3e3f0e5-a1c9-4c89-865e-d41693a34f3b,f1c65091-d77e-48f7-b88d-93e1d248275b,77024,Houston,TX
b4b8a038-a490-4f1e-9333-d1b69bf7e22c,212ea015-169b-4cab-bddc-694adb0903e2,78280,San Antonio,TX
565953d3-cc0b-45cf-9d32-97e1ef03196e,04433a86-a7ec-4043-a012-4171f33c9791,60007,Chicago,IL
1e47b06d-c004-459d-be98-81dbe319f030,e17f25c3-821f-4aba-8922-6f13ef8760e1,90000,Los Angeles,CA
a936ff7a-7495-4136-a931-3776e0d74961,e293708e-017d-403d-ba90-01d0e15b8c7b,60026,Chicago,IL
f626e0cf-15f6-437f-8b06-f9ef83e42e56,6e39dcd9-f659-49d2-9eda-2b7b07edcc49,77030,Houston,TX
3c4da565-5d2d-43f4-a726-acad920dabe9,d63d346e-c4ce-4d9d-96ba-384f10a98552,75292,Dallas,TX
6e9053b5-6c8d-4d21-8ea9-966b01fd9faa,156053db-7d68-46a9-be51-06737a4e8567,10083,New York,NY
5eb5f954-1744-42fc-b196-508642cb3d0b,5d3b52ae-e71f-4445-b62b-83d4f7df6f2f,95169,San Jose,CA
a3146916-7057-468f-874a-ab20ca75261f,618a15ba-072e-4b7a-bc1a-75a4b30c3318,78299,San Antonio,TX
6082c372-721b-4f46-9eb6-ea8369b3f6d5,e1292f62-17bb-482b-baf5-17b015b5e842,92149,San Diego,CA
abafc1c5-2f4a-4851-9092-c9c6c3fbf7db,532c8182-09a8-47eb-af36-b3f3abf041fe,75262,Dallas,TX
ae9dc201-a739-4293-896b-36380df6d99f,7a197938-f40e-4996-b085-33d14cc51ba7,92173,San Diego,CA
8aa37370-0faa-4ce9-859c-482d812e066e,2c6ea27b-810d-4261-8f5f-6c875a727efe,75285,Dallas,TX
7a7f4aa6-f4ac-45b4-8c6d-f4f6c6703fbf,6beaf695-6447-4b5d-a4a2-0a86038c88b8,90069,Los Angeles,CA
24a1cec4-c354-4463-8791-c60b134ecfe1,7a3be1ff-60d8-4fc6-9263-9fd8a6196dca,78250,San Antonio,TX
09da639a-d464-418d-aeff-02d71ee53996,405c6c9a-e853-429c-8a85-953354a35ad1,95165,San Jose,CA
b96eb297-ed09-4dec-92f8-24497c9fbc15,852dbaf6-431d-4f80-99f7-e100992a8f5b,19013,Philadelphia,PA
2f166476-e344-41cc-8b2f-a395280bf51c,20664e62-20e6-416e-9c05-693a23070f8d,10046,New York,NY
cbe7c11b-db8a-4caa-9ef0-3798a8126d71,34c168ee-3c2a-4254-97b9-01610a7a6b01,60052,Chicago,IL
41102df7-6209-4636-9628-01440e70d165,b0d183dd-13bc-4718-aa09-1f5df47938bc,85039,Phoenix,AZ
18615ca7-a308-49c9-835c-cf547d75e23e,31212045-b0a0-44a7-af54-75d26ee4371f,19015,Philadelphia,PA
a302e099-e5d4-465e-ab6a-e992d09d16ca,6d3e0fad-7ca0-4cb1-9c41-e580b93d1754,19084,Philadelphia,PA
8c09dfd9-646f-41d4-b7ee-623dcf889098,bb1d9d86-a000-4fd5-a05c-8597cc3fd07f,92152,San Diego,CA
4279ad73-6321-4f8f-a923-7006a2b788d0,0a30fb4d-8081-44eb-a445-4fec6dc3d2d1,95122,San Jose,CA
988b5cc3-7446-45a5-8468-d1f00d27a4a5,4bbb7c87-f7e0-4459-8549-36e5ed958fe7,75244,Dallas,TX
00cad030-835f-4add-a540-186bc21ac3a2,9a209a80-784c-4659-abae-4aa5630a9972,78293,San Antonio,TX
51f54557-0b9f-4e2a-a3ec-0668f574d323,a1af9013-ab48-43ce-a161-16740b92a6be,78200,San Antonio,TX
686a51af-c23f-42b5-b3c4-bd82e8a03305,12d101a7-679b-4832-8df8-ef97f70a1bac,92109,San Diego,CA
3a34feff-ca6f-4296-bc09-af3fd6fff827,c25f8b46-a3ad-4358-a016-6a46e67f6e61,95167,San Jose,CA
b6bf372f-0fe5-43e8-98e1-e8cb58afaa10,d12f0efa-5ccd-4812-afa6-e6aea228a6c4,85002,Phoenix,AZ
2d5dfe37-f723-49a4-983f-a8bc339927ae,1738775f-c483-4ccc-bf09-d0bdaf752a83,19083,Philadelphia,PA
0f7a578c-a404-46ef-a049-a641e1930637,8a5cbf7a-2d63-455f-b233-204f874bab99,60027,Chicago,IL
303baaea-a6e9-4dc5-a5fd-56d6ffafe1a0,a908c1e3-5da3-4edf-a49a-541aae492629,78219,San Antonio,TX
2f7240ac-8ade-4101-8ac3-caee3daed780,573d7447-1ecf-4be4-ae97-41ec1f1ab70c,60046,Chicago,IL
5a8b0ae5-d201-44a8-bb85-6c4a2da51c7d,74c5281a-2e5a-4113-8136-30014fae153c,92111,San Diego,CA
7cd2c487-81b5-467e-a8c5-2d570e6ec1e5,3d42c45a-07c8-4eaf-be29-eb51340fe321,78231,San Antonio,TX
006eebef-8670-44d4-8126-a45e700be2fb,e1561425-a827-439d-8d7c-a8b4a01ead3f,19044,Philadelphia,PA
f0496ecc-654f-47e9-830e-f0065b7feb55,b825db15-51e6-4d84-a0e3-305d5469b013,78249,San Antonio,TX
aba33ed1-6af1-4683-9d3e-bab23ad89c06,fdefd648-6a2b-4845-ad62-717c5bcc1a37,77079,Houston,TX
f7a87aa3-fb02-4fc5-858a-ad4da6b7abc4,8b02258b-c7b1-4815-87dd-87c713ebace1,77098,Houston,TX
16930ec3-77ab-41d7-bbbe-094b676e77c1,f8259590-6ea7-48e7-811a-3a0f654d7c6f,90053,Los Angeles,CA
70252044-cf8f-4d90-970a-033a76a1785b,4ea59fb2-6a99-4819-877e-ce36fe4440a7,85090,Phoenix,AZ
687b8097-01c5-4445-a877-0d8ea3a52423,d20c7b2f-314b-4a36-a0d9-b6c1ba4859ce,90052,Los Angeles,CA
d79b0764-5f2b-47dd-b8c1-496071817dd0,6eb0a8cb-ab11-485f-bc86-3c1ec77a114d,85009,Phoenix,AZ
80368497-63cf-47ba-b544-21f292bf62bd,094e9d0d-f121-4b6b-ad8e-d07fd4066d5b,75291,Dallas,TX
441309e3-7c80-4b93-ab87-28c0f75be93d,dbcf17c7-bc8a-4a56-891f-3833a0f61a8c,19076,Philadelphia,PA
e541dba7-877f-4b64-b55d-99c00b3b436d,a1329bd8-a654-4de8-a3dc-df15329f1834,85082,Phoenix,AZ
b8db687b-71d5-4f27-a70f-0365e153f560,3bda9d85-3bad-44b1-b38e-bf9155d3a302,77037,Houston,TX
293cc734-bcfb-4aac-96a4-93336ddf1e74,d1ae2af6-39ce-4d93-ae91-bb8d9e9805bf,19042,Philadelphia,PA
1c1c53dc-162a-4c51-b5b3-5eccccff6f81,a2e32be7-71a3-4f1c-a751-a72ea7de072d,92174,San Diego,CA
9ad114c3-fd49-4020-a57c-1ea970d6f9fb,706d4fd4-23a9-48d8-9b04-0dad84ce838b,95178,San Jose,CA
fa36bdb4-5862-4a92-b168-2426f96947dd,ce7c9d1b-7146-497e-80f1-0f3cbbf6fcc7,78201,San Antonio,TX
391aa3a3-1986-4fd3-b2a5-4990f7f90740,ffaafea5-3591-4d25-83ab-5e10b4ad815d,95191,San Jose,CA
6715cc3b-4e80-4ac3-8398-1d482f88948a,50dd1184-070f-4f31-bcb7-5ea41ab25cf2,90041,Los Angeles,CA
3f295fb8-c658-4aa8-8048-99d201372b91,597f1df7-80f5-41ca-a8ff-8195f4af36a4,77057,Houston,TX
cf4df242-49e3-4815-b262-d4a4881bb972,699d3f4a-717b-4c2d-b505-4e236b94f2f5,85071,Phoenix,AZ
9188c2d2-a7d1-4541-911d-d9eb226f1079,0e64507d-e640-4f52-a42e-c3a83dce6569,95145,San Jose,CA
bfcfa01a-8939-4ce5-8e97-b56f5528981d,78d42594-9a2b-456a-989c-59568b023740,60009,Chicago,IL
ded1f083-bf9e-4ff2-b09a-85705c9fa976,fd761fc9-a297-4fe7-963f-bec2d33956fd,60093,Chicago,IL
2981d0d8-2856-4ad5-a0ce-278045a802c4,181520f8-3c66-450f-9d09-a6547fe24fd0,75258,Dallas,TX
37bf5012-0b82-4a36-a475-65d67ebc9003,ea424f3a-08c2-450e-98aa-b938ac9a6737,10015,New York,NY
71db6f96-ce11-4569-bb5b-7f12c279bd4e,0a7b57a3-73fa-40d0-a741-90dd15b41257,77040,Houston,TX
f7485547-9d53-436e-9ea8-949cad849515,aa8d621d-7ea1-4742-a044-4fd70e4a315b,10034,New York,NY
323eb9b1-6cf4-4fdb-b5f7-0fa9b5dbd47f,71281458-d256-48f2-9410-76619adf0209,19008,Philadelphia,PA
53f62ade-2fe5-4870-b444-2940d69ea845,9332b8ab-7cb9-4240-a5d1-db7fc95c26c4,92135,San Diego,CA
63782b77-f741-4255-b73f-456075b29658,2d8450e1-0229-4a44-bd11-b8ef3f5c73a6,90009,Los Angeles,CA
4638671e-92ad-4174-9336-818462a7fbac,efcd5fae-838f-4611-ae9a-da9fcf36c82d,78283,San Antonio,TX
9db98fbf-bf72-424b-bbf2-7db86b280da0,1f2b7721-0fec-4b59-83cd-38f712d64722,95170,San Jose,CA
2022bb15-ed96-450d-ad3c-404b46f2c8a5,9fa8b47c-6d9f-44a5-8fb3-e75ef1f51096,19077,Philadelphia,PA
