geolocation_zip_code_prefix,geolocation_lat,geolocation_lng,geolocation_city,geolocation_state
35645,10.093862,-68.792505,Philadelphia,PA
60415,-5.003673,-125.687992,Chicago,IL
90697,-48.101675,128.090617,Houston,TX
21210,-45.241476,115.899323,Los Angeles,CA
43399,1.218176,-91.655069,Phoenix,AZ
76526,-33.196999,-51.795573,Dallas,TX
89594,14.41079,133.911433,Phoenix,AZ
74441,-70.678949,113.64268,San Antonio,TX
59727,20.541942,-25.782445,Philadelphia,PA
21481,-31.540191,-51.083634,San Antonio,TX
44795,-45.278244,99.479949,Houston,TX
50260,-65.027181,32.247528,Dallas,TX
45888,-84.446191,-117.25018,San Jose,CA
64969,-52.697216,57.090975,Phoenix,AZ
74390,18.857618,-116.495075,Phoenix,AZ
16634,-77.588442,-97.981738,Los Angeles,CA
31860,45.701811,-42.679502,New York,NY
70624,-43.558148,160.521555,San Diego,CA
21159,65.475099,144.091589,Philadelphia,PA
21673,15.539532,-136.466054,Chicago,IL
18450,59.41864,-106.454892,Chicago,IL
97839,67.576002,-166.527959,New York,NY
83268,84.849644,-159.486594,Phoenix,AZ
92506,-89.501244,39.356688,Chicago,IL
19562,-9.730509,-97.596429,Chicago,IL
39435,-13.118223,-155.412285,San Jose,CA
97832,-49.907459,103.476033,San Diego,CA
44181,0.847958,33.218331,New York,NY
21055,-69.773696,138.537405,Chicago,IL
27006,56.903379,-78.082293,New York,NY
60757,-58.391663,72.397534,San Jose,CA
19266,-60.878237,-28.989654,Phoenix,AZ
59468,56.634909,136.867669,San Jose,CA
87901,-35.337063,-63.258659,San Jose,CA
69449,50.796937,22.306579,San Jose,CA
93977,-29.870028,156.633977,Houston,TX
96390,-71.875272,-60.522681,Los Angeles,CA
60805,-72.568129,-165.721767,San Jose,CA
15540,-58.068112,-9.034427,New York,NY
98859,56.035012,-52.516568,Philadelphia,PA
40073,11.39653,94.545314,New York,NY
22771,68.636958,-42.777627,Los Angeles,CA
28636,-11.897329,-9.070132,Chicago,IL
42135,45.505352,137.11093,San Antonio,TX
38574,-64.150511,-134.92699,New York,NY
83350,27.510674,-94.426514,New York,NY
36853,-89.377722,-13.507422,Dallas,TX
73322,3.649581,-102.114777,Chicago,IL
29625,-6.675583,-164.780583,San Antonio,TX
78659,-50.164745,50.694992,San Diego,CA
20424,-47.884643,109.484463,Dallas,TX
54170,-44.027282,-85.963183,Dallas,TX
17016,-44.782721,-28.794642,San Jose,CA
98496,-10.991108,-62.90063,New York,NY
18604,61.570666,112.740371,Philadelphia,PA
47535,-44.652064,32.549282,Phoenix,AZ
21491,13.526797,176.56136,San Jose,CA
50594,31.063651,1.53712,Houston,TX
28246,-24.064412,96.944508,Chicago,IL
51580,-13.746118,7.45411,San Jose,CA
49543,22.308878,-81.425905,Philadelphia,PA
43139,79.517512,84.043611,Houston,TX
49540,-42.442041,-106.792344,San Diego,CA
90520,-20.001602,-106.654774,Los Angeles,CA
56980,-38.792978,-90.456799,New York,NY
12003,-18.4205,-8.407119,Phoenix,AZ
26983,9.802963,37.766022,Philadelphia,PA
42003,-11.347297,-114.36174,Dallas,TX
16468,-52.632275,-177.834461,San Jose,CA
46258,10.77958,-92.006136,New York,NY
45353,-23.018986,66.519596,Phoenix,AZ
34116,-58.509132,148.563618,Los Angeles,CA
39590,82.100363,158.760703,Los Angeles,CA
97422,24.658356,71.797339,Dallas,TX
13977,80.814936,53.255191,Los Angeles,CA
41610,-39.213718,-163.154141,Chicago,IL
39099,45.26735,83.685283,Chicago,IL
26773,-3.093835,-176.09574,Philadelphia,PA
57329,28.897374,-110.03664,San Diego,CA
45583,-85.922836,54.844617,Phoenix,AZ
91175,-4.23646,-160.994106,San Diego,CA
80930,-19.909518,154.360399,Los Angeles,CA
59356,63.356908,95.162284,Philadelphia,PA
89639,-86.294024,-44.892713,New York,NY
33590,80.773153,-19.265099,Houston,TX
86144,8.360345,-60.367281,San Jose,CA
75583,79.881879,154.552745,San Antonio,TX
10751,61.588824,70.946098,San Jose,CA
96063,53.455897,-67.431322,Los Angeles,CA
68227,83.795793,-95.26456,Phoenix,AZ
33684,-21.042097,-88.644285,New York,NY
24667,-65.734428,-156.945842,Philadelphia,PA
12086,58.768627,87.46025,Houston,TX
50306,-14.300486,172.197598,San Antonio,TX
23195,61.56626,-130.829096,Philadelphia,PA
93135,25.679448,-126.912605,Phoenix,AZ
79559,56.336439,-77.159719,San Diego,CA
13834,-70.655205,-46.923084,New York,NY
86527,-50.87924,-39.627117,Houston,TX
82816,-13.976188,10.265189,Los Angeles,CA
92267,61.68779,-52.644164,New York,NY
18153,21.299698,61.127372,Chicago,IL
60778,-20.331757,-49.339966,Dallas,TX
73594,13.343571,-83.788938,San Diego,CA
85199,48.487611,-30.561811,Chicago,IL
25502,54.464901,-43.072975,San Antonio,TX
10955,3.296498,-94.601114,San Antonio,TX
73690,-82.79146,175.358347,Houston,TX
11914,8.829532,-80.430187,Houston,TX
95057,-28.311334,173.166928,Los Angeles,CA
44015,63.122582,171.905388,San Diego,CA
23394,27.168848,-33.690229,San Jose,CA
45183,-5.446187,-154.883914,San Diego,CA
57191,55.227094,117.889589,San Diego,CA
50022,-57.699301,82.796892,New York,NY
66436,-25.118988,130.052675,San Antonio,TX
20387,74.678777,22.173124,Philadelphia,PA
69465,70.954985,6.233953,Phoenix,AZ
62196,17.816363,90.142968,San Diego,CA
52702,54.009216,84.440247,Chicago,IL
68672,-76.102348,-23.163754,Chicago,IL
13360,20.821362,111.351165,San Diego,CA
90117,-19.863372,-154.883199,Dallas,TX
96340,-25.733631,-177.340662,Phoenix,AZ
53757,-57.119783,45.320692,Los Angeles,CA
34912,-89.295977,42.239891,San Antonio,TX
51108,-51.404407,38.776339,Los Angeles,CA
10001,-49.475887,-96.629131,New York,NY
60595,-65.099823,-179.569726,Philadelphia,PA
84714,-44.085833,-176.704271,Chicago,IL
71160,16.102991,61.174114,Chicago,IL
36088,4.240355,10.571288,Philadelphia,PA
95082,64.728578,-163.411884,Los Angeles,CA
85283,-79.480139,70.487564,Philadelphia,PA
10588,-57.013937,-101.032982,San Antonio,TX
88809,62.34297,138.386055,Chicago,IL
14084,-23.144806,-93.679905,New York,NY
62319,-22.114689,125.000549,Dallas,TX
57697,72.248801,106.032798,Phoenix,AZ
16581,-49.420642,140.583553,Phoenix,AZ
23088,11.535705,-35.895943,Chicago,IL
40154,68.342692,39.742274,Philadelphia,PA
48976,60.506993,-28.485422,New York,NY
37177,74.242621,84.697239,Los Angeles,CA
47301,-13.703881,176.094009,Houston,TX
14953,55.89858,9.166428,Chicago,IL
15349,11.969823,-146.870352,Houston,TX
82224,55.66572,140.006584,Phoenix,AZ
49008,11.596119,-96.507812,Dallas,TX
88056,37.971492,-111.296516,San Antonio,TX
34678,-82.449091,32.813089,Phoenix,AZ
24307,-85.970524,17.060912,San Diego,CA
26109,-83.920519,-86.162542,Dallas,TX
14273,-28.842715,116.901688,Philadelphia,PA
24189,-43.588533,68.324255,Chicago,IL
11973,44.948782,150.3862,San Jose,CA
94322,63.909421,86.412396,San Jose,CA
70213,-72.926201,107.843763,Dallas,TX
52094,-81.544999,117.606534,Los Angeles,CA
12510,-66.55384,-11.507972,New York,NY
37528,-1.954567,55.340086,San Jose,CA
78209,-77.526451,169.921284,San Diego,CA
60181,74.881144,68.606385,San Antonio,TX
38590,66.914523,130.686747,Dallas,TX
63574,16.904327,-120.965275,Houston,TX
31293,0.025026,129.614004,Los Angeles,CA
54556,-83.073809,105.607776,Phoenix,AZ
28803,23.592667,-17.136977,Houston,TX
37477,78.112498,17.364831,Houston,TX
75256,-19.762397,-141.49823,Dallas,TX
60703,62.849502,143.166538,Phoenix,AZ
59276,-85.430266,-43.438128,Chicago,IL
96159,61.512675,-123.814773,Dallas,TX
64854,29.432788,64.674386,Houston,TX
38256,29.730826,-98.904729,Phoenix,AZ
50362,54.988835,89.006375,San Diego,CA
18375,25.343641,-126.384633,Chicago,IL
54533,22.757446,59.536579,Dallas,TX
24734,-41.386572,56.901327,Phoenix,AZ
55873,34.536192,-102.213113,San Diego,CA
34226,10.440973,-173.170247,Dallas,TX
39414,16.407357,75.460364,Houston,TX
79498,82.609199,-44.223924,Houston,TX
69576,35.440814,94.735209,San Diego,CA
14516,45.182469,90.563455,San Jose,CA
82576,11.711803,17.007148,Chicago,IL
23222,-32.887037,-109.589175,San Jose,CA
41858,10.359509,103.493738,New York,NY
42552,74.990751,-68.359826,Chicago,IL
23579,-66.720217,-55.434211,Los Angeles,CA
15803,57.481112,-179.757948,Dallas,TX
34493,-10.481788,-141.359029,New York,NY
58035,-64.925561,-26.995524,New York,NY
31602,23.530309,78.674228,Phoenix,AZ
84640,-3.814881,-80.072378,Houston,TX
49251,58.23321,112.777702,Phoenix,AZ
29679,-37.413795,-40.492844,San Diego,CA
86879,-20.88802,-109.72801,San Diego,CA
27636,-41.105742,-88.794858,Chicago,IL
34252,8.320253,-102.702396,Chicago,IL
28637,-24.861561,-48.738164,San Antonio,TX
91783,-76.806613,125.820763,Los Angeles,CA
76550,-61.326164,-88.017808,Phoenix,AZ
45299,23.946197,-69.216145,San Jose,CA
85210,-14.519639,-65.328357,San Jose,CA
55853,-83.63247,17.91933,Chicago,IL
37710,86.381024,135.424209,Dallas,TX
99785,-1.321572,66.364361,Houston,TX
78354,-71.648088,37.462653,Philadelphia,PA
62253,-31.332707,-8.722215,Dallas,TX
53738,70.644234,126.032023,San Diego,CA
78476,18.604113,133.14596,Philadelphia,PA
86392,41.237974,38.225801,Philadelphia,PA
58158,-78.936642,-89.257163,Philadelphia,PA
80481,-10.912966,-162.288281,Chicago,IL
49232,8.599701,169.148626,San Antonio,TX
20753,68.916104,17.013563,Chicago,IL
75683,50.505421,80.417009,San Antonio,TX
67932,-87.462112,124.273861,Phoenix,AZ
98883,45.968991,-70.725475,Houston,TX
72091,16.749448,79.047468,Philadelphia,PA
47271,34.017542,59.021561,Philadelphia,PA
59744,-39.349022,126.029794,Houston,TX
65154,76.963304,162.53085,Philadelphia,PA
48666,-49.664602,-80.677843,New York,NY
69296,44.114205,-7.542964,Houston,TX
98181,36.617329,-30.052592,New York,NY
58503,30.752722,-48.002923,San Diego,CA
23450,1.91375,69.973607,San Diego,CA
45371,32.543344,-70.880538,Dallas,TX
19124,57.049529,-143.279198,Chicago,IL
28545,-28.97943,174.33198,San Jose,CA
29380,-46.72181,62.110561,Chicago,IL
93776,-13.649507,-109.094764,Philadelphia,PA
18014,-29.316752,-107.626547,San Diego,CA
75530,3.067662,0.58568,Chicago,IL
82144,-65.364924,127.355531,Phoenix,AZ
22160,64.971329,145.664007,New York,NY
45743,-39.288069,-164.693125,Houston,TX
69094,88.009331,-89.154426,Phoenix,AZ
20955,24.028282,-67.085415,San Jose,CA
75364,39.785938,55.349824,New York,NY
68601,12.542436,-92.485623,San Jose,CA
70227,-4.850596,21.898427,Houston,TX
62136,82.990435,32.443857,New York,NY
11923,33.787361,7.060524,Phoenix,AZ
18084,13.465265,-64.072025,Los Angeles,CA
48986,-62.126924,-62.445303,Dallas,TX
94916,-58.332476,70.820544,New York,NY
80702,-36.587343,-126.282247,San Jose,CA
96178,-24.995178,-163.986471,New York,NY
21521,13.74563,169.718577,Phoenix,AZ
97674,55.12794,-24.647063,San Antonio,TX
89137,-79.297246,139.285267,Philadelphia,PA
36602,-18.701862,122.566535,San Diego,CA
27502,50.858341,156.671302,San Jose,CA
86392,30.984665,-55.550009,San Diego,CA
45047,-33.40095,-133.303365,Dallas,TX
85718,89.204779,5.30496,Houston,TX
62261,8.607651,-60.622451,San Diego,CA
49830,-82.338276,41.193142,Phoenix,AZ
29004,54.62508,-112.682781,Los Angeles,CA
43729,-32.305194,-89.339025,Phoenix,AZ
79043,-28.615116,-61.085646,Los Angeles,CA
60519,28.100142,39.571375,Dallas,TX
38923,-61.973575,55.432871,Dallas,TX
21800,34.483721,3.418184,Dallas,TX
26742,34.022178,-39.382719,Dallas,TX
81179,3.360448,-62.183096,Dallas,TX
95766,89.777158,2.884059,San Diego,CA
69862,28.038729,146.77133,Dallas,TX
42383,-12.470068,117.827521,Los Angeles,CA
82911,33.875912,-11.218376,New York,NY
36664,-2.050958,11.821244,San Antonio,TX
62868,-9.514223,49.400461,Houston,TX
83727,70.59846,95.151053,San Antonio,TX
49436,-54.696082,102.525443,Los Angeles,CA
84372,-66.577533,78.910816,Los Angeles,CA
59732,-43.697567,144.555907,New York,NY
62305,-27.444873,-169.452401,Houston,TX
86232,62.415122,-152.643007,Phoenix,AZ
18538,73.250034,136.211224,San Diego,CA
77049,-42.687166,-5.990691,Chicago,IL
85730,-74.517546,76.038387,San Jose,CA
83130,70.784999,-48.47572,Dallas,TX
60748,-29.774577,9.565778,Dallas,TX
18584,48.407071,64.099829,Houston,TX
86046,-11.834804,174.663438,New York,NY
82165,71.450008,30.859023,Houston,TX
66641,85.857498,-63.464315,Houston,TX
85912,56.437321,-113.833584,New York,NY
41988,-28.516939,-82.007442,Dallas,TX
70574,-70.544951,18.990312,New York,NY
74559,-88.882486,-166.845681,Chicago,IL
83008,5.278613,-130.352462,San Antonio,TX
94652,5.962445,170.44003,San Jose,CA
35389,-18.943298,64.755115,Los Angeles,CA
46598,28.418472,167.341773,Los Angeles,CA
53579,-34.807929,-139.93983,San Jose,CA
59164,-51.032945,16.239337,San Diego,CA
70815,29.014479,-136.087126,San Jose,CA
38729,71.66085,102.761553,Houston,TX
60341,60.199649,-83.117165,New York,NY
32035,25.832802,46.856275,Chicago,IL
77021,-6.326178,-13.150571,San Antonio,TX
80453,-15.127979,-42.825487,Los Angeles,CA
67596,58.778067,-55.156829,Phoenix,AZ
58806,-15.501796,130.052426,Philadelphia,PA
40839,-79.439824,11.115829,Los Angeles,CA
86204,73.145347,43.72196,Los Angeles,CA
16831,-25.704973,-60.744279,San Antonio,TX
40178,-85.2202,-86.602758,Philadelphia,PA
24513,-82.804578,61.08087,San Antonio,TX
44288,46.617926,-134.682043,Houston,TX
19126,13.268348,146.933498,Los Angeles,CA
69895,-82.405219,-163.389855,Chicago,IL
88383,-82.80215,-100.963109,Phoenix,AZ
31645,37.797371,-114.33977,Dallas,TX
60122,0.349108,75.726619,Dallas,TX
40238,10.351401,-143.399339,San Jose,CA
18784,28.788327,137.375348,San Jose,CA
99213,-8.454981,-6.511467,San Antonio,TX
76112,-60.639332,123.434147,Los Angeles,CA
24814,-75.947589,43.480725,San Antonio,TX
34098,-12.952789,-146.703001,San Jose,CA
87474,24.295699,13.728757,San Antonio,TX
61258,68.237096,179.34714,Philadelphia,PA
28005,-43.359345,-15.97197,Houston,TX
42189,-10.741747,-109.35932,San Jose,CA
43839,41.061063,-74.019303,Philadelphia,PA
12772,-6.093575,-84.273551,San Diego,CA
27263,15.964083,-4.101219,Philadelphia,PA
20425,-77.588143,-61.691611,Phoenix,AZ
11582,8.704266,-123.986491,Philadelphia,PA
25044,-20.079415,-62.8905,Chicago,IL
31474,-18.623324,-161.722786,Philadelphia,PA
79210,67.646474,75.338692,Chicago,IL
93407,3.785316,-127.5735,Dallas,TX
30519,-40.826047,-78.652803,Phoenix,AZ
91101,-56.417379,105.286665,Chicago,IL
21150,52.054353,-22.247382,Dallas,TX
42960,-23.871559,21.440469,Philadelphia,PA
20727,88.368644,-13.282896,San Jose,CA
15754,-62.485461,-55.696431,Dallas,TX
54086,-68.635258,-138.70634,Philadelphia,PA
62784,-11.932049,-27.924174,San Jose,CA
59952,-52.467772,-176.21732,Houston,TX
25969,55.22493,-159.900984,San Jose,CA
33306,-40.095867,-106.088153,Philadelphia,PA
77345,65.187104,57.780057,Dallas,TX
62359,51.865003,155.732687,Philadelphia,PA
88699,54.822561,116.608938,Phoenix,AZ
26553,-1.86985,94.808243,New York,NY
10554,-71.893789,53.154269,San Jose,CA
31632,-43.451593,30.591456,Los Angeles,CA
22643,-18.897996,-12.603533,San Antonio,TX
77447,74.129555,156.255502,San Antonio,TX
93069,-83.436639,-115.956023,Philadelphia,PA
64822,-38.233174,-21.028353,San Diego,CA
24574,-23.641383,-37.096444,San Diego,CA
19233,23.00387,37.229383,Phoenix,AZ
56089,-37.832558,-91.798572,San Diego,CA
37590,-75.849913,154.813263,San Jose,CA
74655,-76.131095,49.75019,Phoenix,AZ
59354,-19.381353,150.542469,Houston,TX
26351,-64.115112,-113.994267,San Antonio,TX
90101,-52.98277,-94.506007,San Jose,CA
39165,-35.672248,83.890322,Houston,TX
59344,54.232571,-113.305636,San Antonio,TX
60530,-35.50479,-19.658595,San Antonio,TX
23823,39.12331,142.896764,Houston,TX
35042,42.551218,-176.301298,Dallas,TX
38928,-53.364258,-23.893237,Houston,TX
75767,-74.259121,22.795256,New York,NY
64608,58.350119,137.651152,Los Angeles,CA
32967,-45.737947,51.398238,Chicago,IL
29889,-0.740506,11.060779,San Antonio,TX
39328,-8.296021,89.780351,San Diego,CA
26316,-66.908734,-5.87662,Phoenix,AZ
32172,81.703202,-66.921968,San Jose,CA
46968,-29.163369,154.525215,Dallas,TX
19127,21.891823,60.625453,Phoenix,AZ
34664,-35.807395,-90.84252,Phoenix,AZ
44483,-12.196526,-155.784589,San Antonio,TX
90032,-89.097414,62.756808,New York,NY
21260,12.66125,-36.716431,San Jose,CA
63367,0.703133,-146.11925,Phoenix,AZ
50421,2.77632,90.416709,San Jose,CA
50032,-3.788951,-93.002673,San Antonio,TX
21149,19.103586,-128.227601,Philadelphia,PA
31140,18.332634,-148.826649,Houston,TX
31179,4.242736,-84.077506,Chicago,IL
48515,54.46225,72.750709,Chicago,IL
89801,16.343045,-142.509484,Houston,TX
93446,-13.964332,-86.146572,Houston,TX
93876,50.810375,-0.518765,San Diego,CA
32788,-19.589774,-45.608152,Dallas,TX
26211,-7.427678,-106.760426,Phoenix,AZ
91668,61.210302,114.982016,San Antonio,TX
37362,55.411159,-169.436803,Houston,TX
49624,-69.19741,155.977148,Phoenix,AZ
46914,-35.956435,-88.258221,Chicago,IL
77778,67.026321,116.51939,San Antonio,TX
91960,26.02593,-62.065841,Chicago,IL
85272,-25.065092,48.665206,Philadelphia,PA
94187,-60.124219,51.840565,San Diego,CA
42509,45.191127,139.705133,Houston,TX
36814,-41.485239,178.222782,Los Angeles,CA
25908,-25.873647,119.111119,Phoenix,AZ
54434,89.009937,-96.910322,Los Angeles,CA
31896,-44.777836,175.670389,Los Angeles,CA
80921,23.26187,54.146272,Los Angeles,CA
84943,-6.360875,31.006021,Dallas,TX
67406,-80.720802,128.413645,Philadelphia,PA
34708,65.118694,71.90968,Chicago,IL
75371,-89.113762,82.692161,Houston,TX
60656,-76.406871,122.43663,Philadelphia,PA
73422,-71.778414,-59.841336,Phoenix,AZ
17762,-31.961681,-47.942488,Los Angeles,CA
87098,-28.91255,171.714459,San Diego,CA
19387,-51.695151,81.744289,Chicago,IL
86396,27.283854,13.479878,San Jose,CA
39337,9.001781,-50.287625,San Antonio,TX
43974,-61.225201,153.852282,San Diego,CA
25504,80.91189,-26.333711,Phoenix,AZ
13840,-66.310802,87.543632,Houston,TX
96973,4.493946,25.529677,San Antonio,TX
18734,-86.957131,-24.033491,Los Angeles,CA
86872,-9.09167,-74.742219,Dallas,TX
27159,-81.148454,-67.835322,Houston,TX
22344,-39.021355,-59.70981,Philadelphia,PA
95766,-80.105348,-28.633331,Philadelphia,PA
82606,-28.66259,168.850106,Phoenix,AZ
96552,2.727199,76.881993,Los Angeles,CA
89814,-55.974182,-72.031318,Phoenix,AZ
17144,76.933484,72.95931,New York,NY
35208,29.516628,49.02662,San Diego,CA
55826,-22.489029,-15.17306,San Diego,CA
62618,-15.601928,-54.041433,Los Angeles,CA
15266,89.36291,-98.01001,New York,NY
38079,-41.23412,49.017839,New York,NY
42445,41.912859,68.548512,Chicago,IL
25383,-8.131663,38.117282,San Jose,CA
56707,29.833404,39.058443,Philadelphia,PA
48552,-8.957296,-168.812518,Dallas,TX
55961,2.004639,-1.689798,Dallas,TX
47688,16.023676,155.205128,San Jose,CA
79739,78.342899,69.463218,New York,NY
80207,14.313456,-127.680589,Philadelphia,PA
27327,57.180818,-48.038664,Houston,TX
90862,-89.49901,-143.860905,Philadelphia,PA
23473,38.156596,164.923545,Philadelphia,PA
52976,40.88853,-118.719368,Houston,TX
74568,-67.378112,-40.537112,San Antonio,TX
94396,80.842556,94.612977,San Diego,CA
87286,-23.396443,-71.542254,San Antonio,TX
38383,-59.456489,127.860365,San Jose,CA
23206,-20.533671,140.878982,New York,NY
46185,66.476075,-42.481221,Houston,TX
49576,-30.542501,-74.587639,Philadelphia,PA
53142,-46.278959,-13.051013,San Diego,CA
43119,76.037311,85.738768,Phoenix,AZ
63933,55.082168,-176.784256,Dallas,TX
49441,-32.494744,-47.406325,San Diego,CA
83862,-12.418209,-29.366594,Dallas,TX
33570,54.287458,-145.406681,Phoenix,AZ
97103,-82.766479,127.776094,Dallas,TX
35015,-36.227556,-17.033721,Philadelphia,PA
18068,36.313924,-157.493628,Phoenix,AZ
73310,7.057734,123.560232,Philadelphia,PA
81018,32.521548,-19.094287,Phoenix,AZ
66997,49.890285,-158.551191,Philadelphia,PA
31569,28.167837,-54.458006,Dallas,TX
40101,-80.271612,-151.845236,San Jose,CA
38660,-87.757574,41.025377,Los Angeles,CA
46389,-35.757113,-2.163174,Los Angeles,CA
25971,-54.016599,-121.138477,Dallas,TX
97880,-16.887774,-170.297249,San Diego,CA
50599,84.972568,178.373603,Houston,TX
80212,89.0723,-115.436979,Chicago,IL
92887,-46.124265,49.27352,Dallas,TX
86184,31.995137,57.893631,Chicago,IL
49826,-41.165954,-159.631595,Dallas,TX
69631,-76.662933,63.988031,San Diego,CA
42476,-54.680297,146.558949,Dallas,TX
89251,-47.43962,-30.803927,Chicago,IL
32180,-61.800247,-52.937465,Philadelphia,PA
47088,-60.824612,-76.098362,Dallas,TX
52417,71.750988,7.474826,San Jose,CA
95290,-59.769835,-120.600328,Los Angeles,CA
74335,71.641026,102.372089,San Antonio,TX
23985,-11.040844,-79.466569,San Diego,CA
23849,-79.521916,-108.98256,San Jose,CA
82213,56.107888,2.807454,San Diego,CA
64061,-88.206973,140.165368,Philadelphia,PA
17812,44.318104,-157.399676,Chicago,IL
49722,5.861976,-110.710681,San Jose,CA
44483,-28.432808,54.949723,San Diego,CA
98070,54.780067,-81.550415,San Jose,CA
75669,-1.921741,19.469777,Los Angeles,CA
74273,39.994382,25.616228,San Diego,CA
83692,-52.202692,38.419008,San Diego,CA
89795,80.314516,71.784802,New York,NY
86016,-89.661188,-116.705983,San Diego,CA
77115,-9.199828,25.578565,New York,NY
99664,35.469,-157.163835,Chicago,IL
83030,-42.371908,-106.662868,Chicago,IL
85250,61.216166,55.872689,Chicago,IL
22335,-53.884137,84.692211,San Diego,CA
99229,48.675499,109.087469,Dallas,TX
73800,-54.126115,-17.917342,San Jose,CA
47917,-47.248021,-167.126031,Phoenix,AZ
22317,-36.876483,-151.413917,Phoenix,AZ
32118,14.865009,137.905016,Houston,TX
73719,64.394103,-70.304436,New York,NY
16396,85.701859,-105.127802,San Jose,CA
78882,-1.912421,124.147268,Chicago,IL
77562,-54.897874,-92.487013,San Diego,CA
88081,73.870991,66.273293,New York,NY
89060,55.42449,51.092536,Houston,TX
23179,-42.578014,-57.169231,Philadelphia,PA
45283,-25.600326,-98.531387,Houston,TX
25363,-28.57413,-8.456184,San Antonio,TX
51711,52.727451,-168.754162,Philadelphia,PA
99195,-9.667842,-1.886617,Dallas,TX
64701,22.865677,-95.721996,New York,NY
93875,52.3763,159.197792,San Antonio,TX
64190,82.161467,-24.101997,San Diego,CA
58325,-32.997509,-150.275503,Los Angeles,CA
25940,56.477425,105.313837,New York,NY
54699,-2.812437,117.92153,New York,NY
14641,-29.727285,15.636868,San Jose,CA
25307,-35.879687,-103.440843,Phoenix,AZ
82243,7.707118,-100.218666,Dallas,TX
55017,-3.192786,22.99232,Philadelphia,PA
57594,41.404268,154.695217,San Diego,CA
63943,-32.630266,-59.740241,San Diego,CA
60241,17.671311,153.013967,Chicago,IL
44043,53.170922,153.703511,Houston,TX
37444,68.174455,-80.855971,Chicago,IL
58090,64.001309,170.715885,Chicago,IL
57246,82.839795,156.053508,Dallas,TX
61456,-81.451695,171.986575,New York,NY
31745,42.546532,3.409555,Phoenix,AZ
50755,74.706634,48.138571,Houston,TX
96480,-67.981076,-105.648214,San Diego,CA
69748,34.312839,166.739668,San Jose,CA
85966,-57.032961,-10.067873,Phoenix,AZ
94987,-82.759236,-122.61276,Phoenix,AZ
54147,1.919443,-156.750561,Phoenix,AZ
88900,-77.376484,119.462658,San Jose,CA
13794,-74.954551,141.837978,Phoenix,AZ
37721,-54.453879,35.605063,Dallas,TX
20481,-53.453952,-157.828701,San Jose,CA
35070,-31.295254,165.250092,Dallas,TX
61712,44.488613,12.993225,Philadelphia,PA
86518,-46.483718,-49.867097,Houston,TX
22290,-40.429729,47.347941,Los Angeles,CA
66972,-4.309031,-31.40887,Dallas,TX
18260,-22.578332,-28.41773,Chicago,IL
30286,-57.186155,-98.252544,Philadelphia,PA
20510,3.104418,62.480056,Phoenix,AZ
15144,16.496342,-91.856114,Los Angeles,CA
75723,27.330659,-177.983123,New York,NY
98340,-17.01544,140.747851,Los Angeles,CA
19095,-4.865527,-151.104872,San Jose,CA
16961,-31.67553,-72.041491,San Antonio,TX
90631,89.734129,7.579616,New York,NY
25307,-65.738055,83.12757,Dallas,TX
21456,6.306927,-127.329388,Dallas,TX
54939,-6.342968,15.888999,San Antonio,TX
31729,17.837516,-56.970219,San Diego,CA
34806,77.794613,-35.494556,San Jose,CA
47206,40.024842,-149.850446,San Antonio,TX
20017,30.924813,-48.391823,Philadelphia,PA
34454,71.129139,59.71717,Los Angeles,CA
10733,14.230866,-168.835652,Chicago,IL
44381,-75.055174,-143.04756,Chicago,IL
59424,-53.765253,18.764899,Los Angeles,CA
51691,-54.872064,-66.982467,Houston,TX
59724,29.851236,29.85767,Chicago,IL
58129,75.423253,56.949467,Dallas,TX
65711,10.712744,-135.372201,Houston,TX
30386,-30.738365,148.922884,San Jose,CA
59720,-3.053147,-6.495498,Los Angeles,CA
96848,7.809899,156.324203,San Diego,CA
10115,68.40164,98.634021,San Diego,CA
26906,-84.287956,163.785571,Houston,TX
64115,75.214033,-75.869934,Phoenix,AZ
84050,-48.947666,33.450062,Dallas,TX
40904,76.372769,-162.555329,Phoenix,AZ
55296,-88.772997,100.873997,Los Angeles,CA
30365,3.054501,-38.799803,Chicago,IL
34398,-8.984972,-6.79864,Chicago,IL
13897,-87.404043,156.375766,Dallas,TX
46330,51.802784,-138.98851,San Diego,CA
39922,81.55712,136.196436,San Jose,CA
74593,-15.81562,-126.590657,San Antonio,TX
86078,73.274815,-110.41039,Chicago,IL
60599,1.460057,150.084828,San Antonio,TX
87294,12.519999,45.583416,Dallas,TX
69359,-26.972272,-32.35847,Phoenix,AZ
32739,26.450507,172.786838,Chicago,IL
88960,74.977577,21.04567,San Jose,CA
71501,-26.715932,68.843454,Los Angeles,CA
56142,-6.235025,75.273794,New York,NY
11374,-46.316541,122.876224,Chicago,IL
67790,-30.705146,14.103727,San Jose,CA
87232,-16.735576,-172.20535,Los Angeles,CA
64674,51.275994,51.392287,San Diego,CA
52424,-58.947421,-80.293103,Phoenix,AZ
83432,-2.401342,162.563895,Houston,TX
53842,47.610077,-23.895471,Houston,TX
93965,-69.879004,35.585439,Dallas,TX
42705,2.294595,172.840871,San Diego,CA
27394,61.279783,147.52805,New York,NY
64223,32.095422,-147.867101,Los Angeles,CA
39555,-76.117553,116.614779,Philadelphia,PA
21644,64.261809,-122.074951,Chicago,IL
91739,2.878566,114.249693,Phoenix,AZ
57361,-78.191553,10.885106,Chicago,IL
69061,-53.459307,-151.343255,San Diego,CA
50435,-37.190729,122.98875,Philadelphia,PA
55872,-46.147591,-48.871519,Philadelphia,PA
25327,-70.804808,-50.124088,Philadelphia,PA
49122,-84.83445,-41.560139,Philadelphia,PA
87050,42.917655,142.44845,San Antonio,TX
67983,-33.618582,57.010431,San Antonio,TX
60247,-79.806195,90.288235,Dallas,TX
52360,83.775059,-173.950177,Phoenix,AZ
32515,-21.993731,23.359776,San Diego,CA
74900,65.131616,-1.389212,Chicago,IL
63892,-78.977822,-78.01407,San Jose,CA
56433,19.798657,35.248751,Dallas,TX
60120,25.504176,-59.19398,Philadelphia,PA
30531,-23.987727,92.650159,Dallas,TX
63449,-3.036273,27.375301,Houston,TX
70353,25.119064,103.451075,Los Angeles,CA
55059,27.026525,-177.60003,San Antonio,TX
23964,40.105306,118.150516,Dallas,TX
51165,68.215306,131.154911,Dallas,TX
71441,-48.670001,-122.31653,Los Angeles,CA
57238,5.017407,-52.297918,Houston,TX
23971,86.433514,-171.298586,Houston,TX
37112,66.752498,-24.344738,Philadelphia,PA
11905,17.812655,144.593875,Chicago,IL
85620,-16.475835,100.427571,Chicago,IL
11216,55.031678,-104.611835,Houston,TX
65674,-27.110069,110.174803,Houston,TX
35707,74.484148,45.327321,Philadelphia,PA
86885,0.249306,-144.576555,San Antonio,TX
92659,-17.775567,42.514262,Los Angeles,CA
37076,-86.588666,-161.369946,San Jose,CA
26230,25.373572,-100.185439,San Diego,CA
98605,23.90275,-87.893468,Los Angeles,CA
57112,56.829397,111.211574,San Diego,CA
99814,-24.868767,97.418702,Dallas,TX
75973,17.755451,79.82217,Chicago,IL
67257,51.850386,-130.513872,Chicago,IL
42014,-88.377344,152.030609,Phoenix,AZ
85022,-1.883476,-127.759395,Los Angeles,CA
73171,79.939956,-158.010311,Chicago,IL
52875,-53.267907,55.810498,Dallas,TX
44262,-87.091846,-26.878607,Philadelphia,PA
99269,44.359314,-106.882583,New York,NY
83262,-21.649251,125.36894,San Jose,CA
21828,-18.604767,62.818349,San Diego,CA
49354,38.505943,-84.1787,San Jose,CA
46754,-49.758794,-110.727751,Philadelphia,PA
20305,19.466981,11.311062,San Diego,CA
23856,-55.081691,117.723315,Los Angeles,CA
52937,-48.792418,-35.857393,Dallas,TX
36835,44.858175,-68.352573,Houston,TX
94011,-65.6045,-130.170812,Los Angeles,CA
76887,1.349578,56.873297,Houston,TX
80513,24.173864,17.380147,New York,NY
44911,86.271327,-72.581216,Houston,TX
62517,20.805458,-17.635945,San Jose,CA
97180,-20.896667,-172.924268,Chicago,IL
78346,63.444002,26.29353,Dallas,TX
95699,70.869219,39.367152,San Diego,CA
78472,-24.529056,55.727201,San Diego,CA
80691,3.083885,156.009585,San Diego,CA
23504,-88.605277,-0.944616,San Antonio,TX
85004,46.333266,84.471826,Chicago,IL
48138,-88.986422,-78.982676,Houston,TX
37208,-83.827382,-147.510542,Philadelphia,PA
92926,-53.500495,86.19525,San Antonio,TX
28635,-42.286121,148.204947,Houston,TX
61847,-67.455453,-32.30112,San Jose,CA
97464,-50.212203,107.597105,New York,NY
43360,-31.939911,-10.856408,San Jose,CA
16804,-77.484319,119.380636,New York,NY
32100,-72.118134,138.612558,San Jose,CA
42401,68.402352,-103.021314,Phoenix,AZ
85175,-70.979751,-113.233026,Philadelphia,PA
75698,-20.505236,-1.29055,New York,NY
43828,-8.126285,-134.006992,Los Angeles,CA
69223,-7.924754,-99.393762,Los Angeles,CA
27782,-37.845236,-153.47206,Dallas,TX
59009,42.443495,174.212858,San Jose,CA
56009,-82.719911,-169.251323,Chicago,IL
59633,18.55192,73.935331,Dallas,TX
41598,-80.710207,-21.942431,Philadelphia,PA
38108,-30.172484,-136.083709,Philadelphia,PA
98908,-37.203378,137.473561,San Antonio,TX
57605,54.429807,27.019526,Dallas,TX
85700,-33.533955,61.951769,Los Angeles,CA
58399,-30.939811,-65.92911,Philadelphia,PA
55516,-38.767978,165.570205,San Antonio,TX
21788,-51.604121,-161.94891,New York,NY
97583,9.544864,48.357661,San Antonio,TX
57225,-24.924082,77.209245,New York,NY
76975,-9.482001,52.143892,Los Angeles,CA
87846,-67.340278,12.529675,San Diego,CA
60795,-2.434536,-55.759491,Houston,TX
31005,-69.506576,110.787433,Phoenix,AZ
55870,-33.898416,160.018117,Houston,TX
77519,12.090474,-3.909085,Dallas,TX
95542,17.391415,42.505451,Los Angeles,CA
17331,7.97625,15.516533,Los Angeles,CA
14133,61.156291,133.096895,San Diego,CA
88370,-1.854114,-77.944564,Houston,TX
58691,44.575356,26.844169,San Jose,CA
43416,-25.073272,-139.104265,New York,NY
28600,62.375292,160.97623,Los Angeles,CA
75385,-9.125992,141.966444,Los Angeles,CA
60565,88.498187,-145.236335,Phoenix,AZ
50283,52.344055,-60.120738,New York,NY
38330,-32.855564,-3.849213,New York,NY
95958,20.166172,141.685414,Houston,TX
85084,-85.718006,-125.900353,San Diego,CA
47211,84.413779,-5.756556,San Jose,CA
48131,11.933091,74.873411,San Jose,CA
84353,-88.419488,94.466353,Chicago,IL
54040,-62.375799,51.210598,San Diego,CA
67233,-43.287522,-18.193369,Chicago,IL
20736,17.962456,-40.38681,Philadelphia,PA
11190,0.005153,120.694108,San Jose,CA
35409,-10.400105,162.18285,Dallas,TX
19776,50.07438,-107.022611,San Antonio,TX
67604,-28.063188,-70.059239,Phoenix,AZ
15646,21.466013,100.228824,Phoenix,AZ
48641,68.428745,-41.385333,Houston,TX
83170,-27.648535,-91.727693,Dallas,TX
14659,14.399567,-2.652448,Houston,TX
83696,67.572649,141.892284,Dallas,TX
98856,-32.852555,142.218271,Philadelphia,PA
41051,-71.843535,59.633268,Philadelphia,PA
32320,87.935138,-69.086856,Los Angeles,CA
99562,-76.767687,-99.83735,Los Angeles,CA
98176,25.452831,107.477674,Phoenix,AZ
94102,71.000948,-175.837135,Philadelphia,PA
46102,-23.103058,-134.073612,Los Angeles,CA
38692,68.612741,64.12535,Philadelphia,PA
71666,53.983483,15.114505,San Jose,CA
56013,-32.515655,38.523129,New York,NY
93437,-4.86884,-138.939123,Philadelphia,PA
51982,25.852093,-46.944391,San Jose,CA
31769,-46.174645,22.536812,San Diego,CA
46040,-24.546324,-18.21135,Chicago,IL
34523,-72.097863,100.044899,San Antonio,TX
35276,30.773351,-136.768551,San Antonio,TX
93392,59.31762,-175.990002,Chicago,IL
69697,-1.544265,125.129622,San Antonio,TX
35555,61.914882,148.728801,Dallas,TX
50248,-15.601735,89.980821,San Jose,CA
51658,11.436374,174.65646,Philadelphia,PA
77055,64.311763,-83.681861,San Jose,CA
79883,-7.462903,-63.8316,Los Angeles,CA
81756,-9.212754,-66.179844,San Antonio,TX
15258,21.398594,-29.384268,Chicago,IL
21658,-78.39973,-146.965339,San Jose,CA
28458,34.30409,-76.210009,Dallas,TX
51141,-67.258219,-129.37732,Phoenix,AZ
91880,-55.109417,-31.690763,Chicago,IL
83702,53.324873,-10.290144,Houston,TX
83859,-64.054503,-19.124086,Chicago,IL
90739,25.163288,164.085017,New York,NY
63385,-66.780202,45.842347,Chicago,IL
42907,-18.714264,-147.212775,Los Angeles,CA
74575,-60.7151,-68.047252,Phoenix,AZ
16912,50.043017,115.620152,Houston,TX
53903,8.113323,11.031917,Philadelphia,PA
53922,-23.697014,13.613741,Houston,TX
12129,-87.464736,-166.98927,San Diego,CA
37208,72.745575,-6.73118,Houston,TX
40637,-27.761444,143.508542,Phoenix,AZ
92880,-0.622078,-78.772343,New York,NY
19150,48.872818,143.628729,Philadelphia,PA
81016,-56.225202,-113.035607,New York,NY
74094,16.996853,-46.063377,San Jose,CA
19394,19.216806,29.619156,Phoenix,AZ
33651,-79.975497,-66.682398,Philadelphia,PA
45739,-26.508797,96.19927,Houston,TX
64329,-44.560647,-127.355831,New York,NY
95017,76.169054,105.394588,Los Angeles,CA
37743,73.752707,37.453492,Philadelphia,PA
96289,-76.762811,121.932208,Chicago,IL
92729,25.326866,-28.371995,Houston,TX
20564,-70.332343,155.319632,Houston,TX
47037,89.230038,124.118228,San Jose,CA
88405,-7.084093,-26.137798,Philadelphia,PA
37028,-41.502397,103.391223,Phoenix,AZ
65221,79.466315,-66.913115,San Jose,CA
41335,43.783691,39.144174,San Jose,CA
85791,47.188563,133.888795,Phoenix,AZ
19847,-8.569615,-25.91718,Philadelphia,PA
26367,-57.665591,-53.154142,San Diego,CA
11002,-23.686951,-40.854946,San Jose,CA
55671,-40.609397,16.131252,Houston,TX
79480,-32.522606,-95.74279,Houston,TX
66307,-57.129522,-160.457301,Phoenix,AZ
97800,67.61496,83.244721,San Jose,CA
68081,31.314178,62.239417,Dallas,TX
57242,16.658903,-159.991098,Phoenix,AZ
81056,21.60293,164.221931,Houston,TX
80089,84.598786,59.930535,San Antonio,TX
83095,8.559662,128.713169,Phoenix,AZ
37410,26.464338,52.818274,San Antonio,TX
36244,-54.766043,97.680999,San Diego,CA
39610,-21.822523,-168.299783,San Jose,CA
12538,28.435066,-46.870148,San Jose,CA
19629,50.283495,10.914728,San Antonio,TX
59255,-6.852775,122.093544,Houston,TX
27770,87.860898,22.129091,Houston,TX
35168,-19.98382,-61.280746,Phoenix,AZ
14241,-36.762186,-2.170707,Houston,TX
38815,-71.239991,-78.977029,San Antonio,TX
47404,37.593273,-33.600318,San Diego,CA
86029,-61.325897,-40.083155,San Jose,CA
38170,-34.974333,-158.120114,New York,NY
40124,28.001535,-159.668215,San Antonio,TX
89768,-84.985156,88.14602,San Antonio,TX
42518,1.895167,-76.495106,San Antonio,TX
54137,75.564799,-119.108055,Chicago,IL
58205,-13.022704,-42.367426,Los Angeles,CA
86171,86.261328,-101.400045,San Diego,CA
41854,-25.95608,78.545431,Philadelphia,PA
91098,-24.132632,164.004553,Houston,TX
32981,-3.549854,18.489905,Houston,TX
81279,-23.867947,-118.442978,San Jose,CA
51087,81.698441,-113.801863,San Diego,CA
54765,-3.500581,88.111846,Los Angeles,CA
31079,7.014489,-11.285539,Dallas,TX
44244,-42.112729,-87.152309,Philadelphia,PA
57375,23.343623,114.652828,San Jose,CA
13341,4.463683,141.044641,Dallas,TX
33167,-41.423218,-65.290068,Phoenix,AZ
69173,42.954973,-99.316455,Dallas,TX
70293,-19.616813,168.944366,Phoenix,AZ
82222,-5.444396,88.117005,San Diego,CA
13080,38.894662,163.066546,Dallas,TX
76409,-14.229957,-161.005402,New York,NY
98317,55.923482,-132.463868,Philadelphia,PA
67546,63.8521,-114.189983,San Antonio,TX
91665,11.153169,130.66987,San Jose,CA
69485,-9.620012,130.167583,San Jose,CA
77373,-30.150235,-41.952651,San Jose,CA
79482,-88.191849,-57.81753,Chicago,IL
95142,-58.806875,-142.225282,San Diego,CA
10598,-46.364137,53.193754,Philadelphia,PA
43638,-15.307806,-96.818926,San Diego,CA
36401,26.051607,96.354237,San Diego,CA
26432,71.231266,45.765109,New York,NY
24703,4.451354,122.199939,San Antonio,TX
59629,78.488073,-88.931725,Chicago,IL
87024,4.500657,-130.772951,Philadelphia,PA
56815,76.315028,93.883336,Dallas,TX
38802,-67.430309,42.542552,Phoenix,AZ
72854,30.138449,107.657449,Dallas,TX
92538,9.386244,-13.543492,Philadelphia,PA
97276,69.071366,155.913652,San Antonio,TX
24806,74.264141,98.757189,New York,NY
41108,71.838628,108.320136,Houston,TX
13682,-22.731192,35.910154,Philadelphia,PA
91680,68.977202,-163.489446,Philadelphia,PA
69474,69.724202,61.660243,Houston,TX
12065,59.957565,-161.075941,Phoenix,AZ
38008,89.952893,-179.069568,Dallas,TX
36172,-52.253013,41.045738,Dallas,TX
22322,-53.511823,-46.664318,San Diego,CA
18803,-75.809745,137.92655,San Antonio,TX
43494,84.238643,162.687807,Chicago,IL
90106,8.033106,-110.030496,Los Angeles,CA
43437,-63.768776,-117.285756,Phoenix,AZ
62087,41.279753,-47.758165,Phoenix,AZ
32410,41.775953,99.121971,Philadelphia,PA
41803,-62.692132,19.172469,Chicago,IL
61191,52.657021,45.490204,Chicago,IL
87555,16.157773,-97.336277,Houston,TX
37848,59.65586,172.95334,Dallas,TX
58608,62.929618,-74.227644,New York,NY
33310,36.151008,100.677084,Philadelphia,PA
50651,1.271656,-124.611941,Phoenix,AZ
80289,-11.793274,111.767458,San Diego,CA
51023,-71.928705,-114.84589,Phoenix,AZ
91823,51.991311,110.568961,Philadelphia,PA
76163,20.102521,-117.671852,Chicago,IL
37590,67.680753,-167.188075,Chicago,IL
56860,-28.347918,142.479806,San Jose,CA
15936,62.520221,-163.780901,New York,NY
49134,-9.334947,15.319512,Los Angeles,CA
90013,-50.398859,-131.680536,San Antonio,TX
64191,-76.905689,19.623472,Houston,TX
89222,-87.970039,-59.651464,Dallas,TX
87951,-1.93646,-71.641527,Chicago,IL
94675,-73.087116,2.540984,Philadelphia,PA
84690,-23.360279,-118.475963,San Antonio,TX
53356,63.849558,-111.762323,New York,NY
28592,36.312227,149.75085,Chicago,IL
19895,-61.575924,44.568075,Philadelphia,PA
87119,27.731464,-116.714547,San Antonio,TX
29980,-76.385272,-158.681553,New York,NY
85324,54.050274,-67.085229,Los Angeles,CA
49007,22.918871,149.968396,New York,NY
58196,-17.219071,-38.373035,San Jose,CA
97973,-42.274622,81.983213,Houston,TX
87370,-21.951245,26.21914,San Jose,CA
37534,-83.470003,-153.569324,San Jose,CA
10258,78.021329,35.794787,Houston,TX
53014,35.314277,-15.563543,Los Angeles,CA
43357,-56.684116,134.627844,Houston,TX
35870,48.110714,167.530182,Philadelphia,PA
77730,30.35097,-41.312221,New York,NY
12894,86.13591,-162.848889,Los Angeles,CA
33884,25.768833,-164.134798,Philadelphia,PA
73296,42.635067,-124.753697,San Jose,CA
43034,2.035019,-20.208597,Dallas,TX
51691,-6.50624,-75.791672,Chicago,IL
72949,-83.391864,25.859808,Philadelphia,PA
98918,39.180605,128.96925,Philadelphia,PA
79182,-85.651193,-3.142535,San Jose,CA
49624,-24.445899,-73.05188,Dallas,TX
86343,8.240793,-49.397477,Phoenix,AZ
57735,31.052409,24.35034,San Jose,CA
51778,-11.878218,95.963383,Chicago,IL
69678,-87.155752,93.881334,Chicago,IL
65869,-28.242912,-41.659922,Chicago,IL
75146,64.121921,-15.367652,San Diego,CA
43182,-65.557409,-156.874428,Philadelphia,PA
25925,-14.250834,88.329213,New York,NY
29491,63.189969,-20.380271,Philadelphia,PA
74830,-85.954026,-38.588549,Los Angeles,CA
22118,-3.763928,-27.337585,Chicago,IL
39019,0.700178,-108.162609,San Jose,CA
22551,-21.685626,29.591723,New York,NY
17698,21.212294,170.481173,Phoenix,AZ
26357,43.551315,-59.404963,San Jose,CA
31798,88.354615,-132.974488,Chicago,IL
80830,-89.630356,-119.02097,San Antonio,TX
59525,54.202492,-48.805542,Houston,TX
94852,71.22061,85.421767,San Jose,CA
28308,-36.305756,74.701604,Houston,TX
72224,-15.098652,59.750502,San Antonio,TX
64946,58.834283,-5.079942,Phoenix,AZ
82534,12.204783,-102.303134,San Antonio,TX
56422,-44.149346,-75.530733,Philadelphia,PA
51256,-65.411032,9.308064,San Jose,CA
43202,-10.19682,86.377113,Houston,TX
27583,37.578475,64.036864,Houston,TX
42556,68.44925,-170.509265,San Antonio,TX
74869,-21.118122,-108.48087,San Jose,CA
60806,-41.090268,-53.725006,San Antonio,TX
13750,-59.945509,-176.07,Phoenix,AZ
49159,-13.039091,-90.584373,Los Angeles,CA
67383,27.903849,94.22372,Houston,TX
20348,-20.868223,-63.96654,San Diego,CA
24473,81.077197,-77.194256,New York,NY
54827,-81.62092,-15.155485,Houston,TX
20905,83.04352,-74.334075,Chicago,IL
64517,-6.329375,117.96687,Los Angeles,CA
13264,-23.278233,-6.43078,Chicago,IL
71737,-49.437608,-103.07224,Phoenix,AZ
92836,73.366024,-67.431299,New York,NY
31080,-62.550384,51.368891,San Diego,CA
13075,11.467242,-98.933093,San Jose,CA
74422,66.120977,-102.690603,San Jose,CA
68897,-69.287693,153.411115,Los Angeles,CA
75226,-81.250085,-0.218416,Dallas,TX
85744,39.130909,-21.593843,Houston,TX
47414,-27.884085,-178.803217,Chicago,IL
81787,17.471002,44.245429,Houston,TX
40324,-52.894233,-131.724745,San Antonio,TX
87377,0.693041,164.125656,Houston,TX
45306,14.269815,-46.283318,San Jose,CA
84789,-47.146368,-85.422937,Los Angeles,CA
69280,35.604735,-6.639249,Los Angeles,CA
34166,-83.663463,126.458905,San Diego,CA
18438,-72.969416,120.606478,Dallas,TX
12216,28.181616,-108.219,San Antonio,TX
74928,-58.240805,-152.563714,New York,NY
26534,-30.340693,-160.649689,San Diego,CA
93501,-46.187729,-5.204579,Phoenix,AZ
78741,-61.537574,-82.137977,Phoenix,AZ
21898,-6.858889,72.575606,Los Angeles,CA
57556,-66.290889,21.328492,Chicago,IL
24920,38.963665,-140.024456,San Jose,CA
22896,30.462523,-42.228798,San Diego,CA
12973,52.757945,-140.133465,Los Angeles,CA
