order_id,payment_sequential,payment_type,payment_installments,payment_value
da26e949-6446-42e9-820e-f0a03db8818b,8,voucher,3,161.26
98e3f4d2-9d9d-4cd2-a8e0-e6a7f84008ba,2,voucher,8,407.66
137b245d-6ef1-4d29-88be-9e3060fda8a1,9,voucher,4,369.22
d2b44826-f5f8-49a9-8eb7-b6d9dff70b9a,6,credit_card,3,447.49
9e420e89-d5f0-4957-822f-4fabafb9f767,8,boleto,9,330.66
7a4451b0-ea56-454a-98ef-d47ddcce5d31,6,credit_card,11,135.65
373f0931-cf04-461e-a925-37be9f0366e0,8,credit_card,12,194.13
1f793b31-5eca-4817-9f39-20ca92aa96c3,8,boleto,6,457.74
f9ce443a-73ba-47bc-8d21-8dd0cc0ef349,6,voucher,1,110.81
4606ef30-11c4-4b62-b0e0-70af7305823f,5,credit_card,11,362.9
94a4f78b-3009-45e1-9521-f225967d1cb6,9,boleto,12,81.1
d7b62ac6-cef2-477e-bb50-ca39266b9c31,2,boleto,5,498.65
4eece35d-ddf7-4262-84bd-7c8a37f35da8,4,credit_card,11,184.84
c4e1a2a7-cf99-49fc-8f83-e3c97bce0211,10,credit_card,7,350.91
b22a574a-2668-4177-8f55-2b8f6b24369b,7,boleto,4,176.14
bc4a92c6-d9c1-4364-86f8-fcbf7fcae827,9,voucher,3,66.3
82d51d69-5d90-4e38-8c4b-6bf38d625978,4,boleto,2,124.33
be5ed70e-eab7-4386-a45f-1a714bc9c8d3,10,boleto,5,293.19
3ada8070-575f-49dd-afc2-184408b76f69,9,boleto,7,473.28
d4599cff-a448-44e5-9916-ac97295bd528,6,boleto,2,329.2
cc1fe377-54c9-4b64-9670-2c2164b9d8fe,3,voucher,6,474.98
1ea4c534-6c79-4e76-a05a-d6f097bd9ed0,8,boleto,9,492.16
ad8fe55e-1436-4ba5-b0e6-597ca67386ba,1,voucher,2,486.58
3c9196aa-c578-49ea-81a9-9afebabf8897,2,boleto,12,146.55
57bca2a7-c4c2-4ef3-90f9-76f9d673f23e,5,credit_card,5,60.47
8fbdc326-6fb5-4315-9986-66f0e0171ef2,9,boleto,7,142.73
4dcceffe-bf22-4aff-9157-8c3aaede53f6,9,voucher,2,288.91
af2f14eb-f594-4c80-9058-75a153202120,6,credit_card,7,146.47
1f70a28e-78fe-4696-9c2b-5a5154cc1797,7,credit_card,10,100.11
3bbcfaf2-99a8-4a77-8e4a-5deac436c586,10,credit_card,6,45.23
eaee9bce-e75f-41f4-a943-ea9824a50aa3,4,boleto,3,235.1
bfb1f2bc-26ca-43c8-9d44-d123da2bae6d,9,credit_card,7,216.28
2725069b-3b01-489b-a91f-75ec120bdb7b,5,voucher,10,273.91
4606ef30-11c4-4b62-b0e0-70af7305823f,4,credit_card,9,154.18
af46b262-8733-40a1-809e-01b7287e6e14,8,boleto,10,416.62
7ba82119-5af2-48df-bb96-4472c07449ea,4,voucher,11,65.98
4c7b35c9-d6a8-4a3f-bf56-587bc5898de5,10,credit_card,7,297.95
ca567ada-8f21-4a08-be42-a0782c112122,7,voucher,3,278.45
2870ffee-fc21-4906-88cc-56f099c7b011,10,credit_card,2,427.6
5b91576e-e4cb-41a8-9c59-d43b0ab7a239,3,credit_card,3,77.31
3e829c5b-cd5d-4df1-98bd-f73df6df2f8d,9,credit_card,5,216.42
aac268bf-b631-4ff7-9b63-0653f7f2bdf9,4,credit_card,2,361.23
3e95ce32-166a-4af0-9053-08f5a2795e5a,10,boleto,11,151.41
37bdeb2a-aa2c-464b-8eb5-112608b4edbd,8,boleto,8,294.55
220c5257-d160-4be9-a0b5-3ff893e37795,5,voucher,3,87.82
1adaec86-9a0d-4c6c-93dc-a961862223d6,8,boleto,1,485.81
1bca27bc-dcd1-42b4-9bb3-76789844293e,7,credit_card,4,312.14
c4fd1130-b478-464a-86ab-1a7380c60ccc,3,boleto,2,157.64
2c2fe8dc-7800-46bd-8037-43a99234407e,3,credit_card,1,318.73
ae51c6dd-09b2-4c7b-a286-f26d9bec6b71,10,boleto,1,417.14
4f3ea8bb-094a-42d5-94e6-f50256d11921,1,boleto,11,216.23
569e59fb-6b48-4c26-bd7a-3beb15b3941e,8,credit_card,11,229.62
ea6fefc2-3ab6-4279-a74a-74fac48bddf7,6,voucher,2,448.69
255eb39f-004e-48e3-84fc-765d996a0e58,10,boleto,1,190.68
85f9b96e-fa05-4052-aa97-3229b26cf432,6,boleto,12,120.62
3675bc74-ca94-4c21-a63f-b770be667f10,2,boleto,8,114.98
f97fe419-6880-4202-bf47-48d791f62061,4,voucher,12,127.67
dbc05884-90ea-4083-aa9f-e858fa09e974,8,voucher,2,123.06
b1cd2d99-c235-4ca2-9bed-8f1992337e0c,7,voucher,9,267.61
02527f99-87c8-4deb-8178-8ab79153e5e7,8,credit_card,2,19.44
d96d6fc3-3c02-48da-9384-f3059f2985f1,9,voucher,5,93.66
16070c0f-ffaf-46b3-bf7d-fa1d107b0ed1,6,credit_card,8,119.3
e826c89b-c7b3-4234-a072-88b02e4c8f8b,6,voucher,12,326.85
66875326-0dd9-41b7-aa7a-c670db64a4af,9,voucher,3,490.81
21282d90-edab-4655-b501-f27619a7665a,5,boleto,8,218.82
d11f9d09-e0a4-41f9-b4b9-3662107a3194,9,voucher,11,324.8
5dc30f8a-f1fc-44e1-b18e-c48e6f7b3aac,3,boleto,1,165.05
e11d3e2f-ad1a-4ddb-b49f-a14a7d2bf825,8,boleto,9,37.12
9e376f0a-d2b1-4d94-9ebd-394282c3cc41,8,voucher,11,170.55
543d54e6-b381-4ca1-ba54-ac8eca6b1505,1,credit_card,12,283.52
85242e35-2be7-43bf-8490-f0105d178eef,8,credit_card,1,308.48
ff8c0793-8b90-43c9-a04e-387d5c1fda6a,3,boleto,1,421.87
e68f25e1-2df4-4fa9-93ed-019d7ac2dfd2,2,voucher,1,244.12
3e30977c-a6f1-49a2-9fc2-1d1d479e757e,2,boleto,10,40.62
19983734-4435-471f-b699-03ea0c5969a1,7,voucher,6,428.32
e011de81-7c73-4451-9c9a-d37d033ea546,9,voucher,7,197.16
1bca27bc-dcd1-42b4-9bb3-76789844293e,10,voucher,1,281.76
f6ae617c-cc12-4bdc-8b78-564d32b9e257,5,credit_card,7,49.73
ba843c18-a010-49ff-950d-a88268694741,10,voucher,8,171.74
ec8d73ee-eaa4-483b-8726-60166dcbf31c,2,credit_card,5,20.42
2dc2fba5-6ac5-4077-a6c0-5ea7c9288bfa,5,boleto,3,90.85
3ee75383-9e7f-422b-88db-671be9f31182,9,boleto,10,350.13
4dcceffe-bf22-4aff-9157-8c3aaede53f6,7,credit_card,9,459.07
72da3c79-75b3-4a02-b2d4-859fc2c94de0,9,voucher,10,432.38
09e34197-28d4-4ae2-82f3-53e28be67a12,6,credit_card,12,148.69
85f9b96e-fa05-4052-aa97-3229b26cf432,1,credit_card,11,472.05
858f0869-e2f8-4492-a0e6-773dec24f6c2,2,credit_card,6,50.51
5b91576e-e4cb-41a8-9c59-d43b0ab7a239,10,credit_card,7,333.1
baf7cf3d-937f-4e4b-bae6-65705d9d6690,7,credit_card,7,294.83
08504052-4c85-4a64-97fb-48f41b9946b1,9,credit_card,12,198.53
cd3b7fdc-4430-4c62-bff4-37fd4e140251,9,voucher,1,187.93
e10a0f53-3a7a-4243-ab9a-e1fa8089cd4d,6,voucher,12,201.82
c828f034-0773-4c8d-863d-6167570106ce,6,boleto,6,358.73
ff8c0793-8b90-43c9-a04e-387d5c1fda6a,1,credit_card,3,329.34
220c5257-d160-4be9-a0b5-3ff893e37795,2,voucher,3,223.56
855fed80-e426-4d6f-aa56-bf2af6621545,2,credit_card,8,198.05
8d783088-993e-4f46-a8ba-1ea20ddde291,4,voucher,7,218.84
b62fa39c-0aac-44f4-8c62-99356d9824f4,5,credit_card,2,114.25
af2f14eb-f594-4c80-9058-75a153202120,8,credit_card,9,305.63
b5de2744-47fe-4e83-82a1-71068d06a08b,8,voucher,7,429.67
1da988d9-c0de-4a16-b461-d36c75606656,1,credit_card,3,225.03
67824a08-6c6a-46bd-84c5-6dd98df6a10f,10,voucher,9,48.0
5035b979-34ef-4bb6-bb25-72d05f1eddd4,9,voucher,12,337.84
bac8acab-4f4c-47cd-b76e-c5f8b9d8774d,9,voucher,10,486.33
2229dce1-2fe7-44f6-b889-4f2800cf64c0,4,voucher,8,183.98
c3ccf975-cbe4-4a9b-9345-35e31760a985,7,boleto,7,290.91
165939c0-8f87-4125-9648-3cd52cb56fc2,9,voucher,3,349.13
9ca5b061-6dd4-4076-8f6e-5463e645a962,5,credit_card,7,189.36
dc6ecbe2-d397-47e2-bbb1-d689bc3652a1,3,voucher,8,308.63
8f089480-ca06-428f-a1e8-05e9f8372fd1,2,credit_card,3,370.11
45c981b8-7407-4d75-8176-78969c66a795,10,credit_card,7,246.11
53292d02-51cf-4f58-ace0-92db4c5c6c67,4,boleto,4,124.98
a7be6958-7035-4e0b-8067-b6045f13c8b5,1,voucher,7,95.01
c7c6fe87-f9f9-4397-8c82-4de4054c17e4,6,boleto,2,265.83
60dfb8b8-4812-4a9e-af09-78f2af6c9568,2,boleto,8,51.78
ad7ce8f2-3d28-4177-961f-253b207a90d0,10,credit_card,1,485.46
f9f3c18a-f084-460b-9b31-ae3b9418158c,10,boleto,10,98.48
78e032ce-9772-490b-9976-0b5a153e1833,9,voucher,4,284.18
3b351c54-4405-46c8-a2f1-3a6479ad53aa,5,boleto,6,246.29
79d5a185-9774-4a52-a354-4426c2496479,4,boleto,5,80.74
ebdc9318-ab14-4c2a-bc6e-d7ee1c91883c,2,voucher,1,45.84
885f92cd-37d7-4480-8865-0c84cce2fa63,2,voucher,4,450.29
dadfbeb7-fdad-49b6-8529-80cf5dd5416e,10,voucher,4,69.84
39e2ed21-7648-4298-a4d0-06d0d526451e,4,voucher,7,271.05
d5259da9-b8be-41f7-8ed2-24d740644100,6,boleto,6,27.97
3c10b807-7504-479d-a495-1fa43c27d75d,8,voucher,9,315.68
6a7828f3-5e19-479d-8a3a-0139e85b5575,9,boleto,10,208.82
ec08af89-44ec-4bc6-a611-ffa949804117,7,credit_card,3,338.95
7e423956-08fe-4941-a4f7-3912c317bea9,2,boleto,1,191.01
78e032ce-9772-490b-9976-0b5a153e1833,8,voucher,3,408.66
cab8830a-bba1-48bc-a4bd-a259ac243d4a,1,voucher,1,153.43
46bfaadf-bdd9-45cc-8b3e-f52e04ace7f1,3,voucher,3,403.58
612e765e-378e-415b-a829-57fc178aed48,6,voucher,7,280.38
b7dc9dda-ee79-4da5-ba81-efd0fc220cb0,10,boleto,11,142.36
ac4187cd-36f0-498c-9762-5e5cfecc1cc6,8,boleto,12,336.82
9c628235-975b-4af9-bdc1-5967e272c356,10,boleto,6,63.97
7a86bff6-35b1-45f7-8d74-99acd37dc186,3,credit_card,6,14.14
515c9bd3-30b9-410f-96f2-e023e31a7914,7,credit_card,7,225.29
6e9ff949-2dd3-445a-bdac-afcff7653f55,6,credit_card,5,463.07
f5dd0731-0790-4ffa-875e-e16472841745,2,boleto,4,450.95
10a1ebe2-2f2c-4960-b0a5-e5ab918e9c36,1,credit_card,9,388.39
aefbf4bb-56c1-417a-959a-a2fd111bac1d,1,boleto,12,410.36
2763ebeb-92ec-45ac-b424-99ed5817bd4b,2,voucher,4,181.33
d5259da9-b8be-41f7-8ed2-24d740644100,4,boleto,5,325.95
7d618b77-a69d-40be-998c-84bae6500d64,7,credit_card,11,242.25
24c28ef9-aff5-45ea-83b5-ab05e1b03917,8,credit_card,10,103.89
6d29ce3e-4b09-409e-a870-e29ebe53e299,7,boleto,8,141.79
248772b3-bdb7-469b-9c37-307088d5a1b7,6,voucher,2,234.17
a63ac4f2-966b-4e56-9ff5-098d7fb80af0,2,boleto,7,80.12
8f58e7d3-52b9-4b83-997c-3451a62fa84c,3,credit_card,12,432.64
a16e9a88-3b52-4ae5-bbce-ed13f79abb67,5,credit_card,2,230.86
0af48c54-1b14-4770-ac29-76134e0ec4ec,10,credit_card,2,406.2
96dc20da-17a2-421a-9188-c6e9e22c303e,6,credit_card,5,467.56
5bf3e90e-a258-4068-b8d2-b5e17715e371,7,boleto,10,215.75
d71ca975-0fc0-44f5-a68b-4c10f7396d0a,10,credit_card,4,302.7
429e6316-11df-487a-adbf-ba1bf74a22e4,3,voucher,2,316.03
3c9196aa-c578-49ea-81a9-9afebabf8897,1,voucher,7,414.54
82c6bd0e-f8f4-4f3d-b69d-10946322f62d,5,credit_card,1,132.14
a2db099e-b815-44c8-ad3f-bff5b2d12b6e,5,boleto,10,151.16
37bdeb2a-aa2c-464b-8eb5-112608b4edbd,10,credit_card,2,53.88
88e26b37-5954-4991-b730-d0254aac467f,10,voucher,10,201.54
5da1b723-c220-4178-bf6a-4c62d62a7fd4,3,credit_card,7,163.06
651397fd-4b5b-4fb0-a50e-b3b91a2cb4ee,7,credit_card,11,120.31
5a4bc54f-6f03-4265-bb62-09e26aa18eb0,9,boleto,11,324.85
0d13304b-fe92-4053-b8bf-b485896c12d1,3,boleto,2,480.17
cb097537-8ff9-4e8b-a050-b3fd21da767c,1,credit_card,5,436.38
d571d401-d2e2-4ccb-b811-4698050a3310,8,boleto,10,150.74
1677e5f2-5e75-45ef-afbf-f532f696fa84,3,voucher,9,460.51
4dcceffe-bf22-4aff-9157-8c3aaede53f6,8,voucher,10,348.09
f83d7f8e-e3d5-4b8f-93e0-f9f7f020004a,2,credit_card,9,201.88
7a015179-945a-4703-abf3-b3a6585f5c29,4,voucher,1,350.2
9dd0bba0-244c-4a5f-8503-b11d782a0bca,10,boleto,10,197.6
963efc3f-a7ae-4c31-b7b4-538a49540b97,1,credit_card,9,346.05
52b1d728-38bf-4b56-a0f0-5a34023c45d9,2,boleto,9,163.17
b5a61963-4366-4a1b-be49-2eb70100275e,5,credit_card,1,401.23
a0a5b045-ae61-40b0-9f5a-fedc2489011e,7,boleto,1,202.1
46f6aace-c1ad-41e7-b3f2-5f3b4efd50dc,10,voucher,2,82.51
15136d23-0c53-4701-8e96-baf72daaaa97,8,voucher,10,64.25
cdbacd71-a17f-4d87-9aff-b0dfce4a1ce8,6,boleto,4,146.12
ced30a35-0adc-42f7-8a20-7583797e312f,5,credit_card,4,353.85
6e9ff949-2dd3-445a-bdac-afcff7653f55,8,boleto,1,278.91
f814d024-f111-49ef-ae50-517969bb299e,6,credit_card,9,196.88
9c005d6b-ccb2-418f-9939-17353754c0fd,9,boleto,6,120.19
f6818aa9-8586-4fce-8319-1fa6000b581b,4,boleto,12,44.5
c1c45170-2720-4eed-97ed-29d0e53b350d,9,boleto,4,286.63
9b42082d-8d59-4e93-b461-b26c600f343f,2,voucher,9,75.22
41969a50-3e1c-4eea-af79-3523020d24ad,6,voucher,8,358.53
4a933942-4c47-4041-a7d9-a3b545c94d02,5,credit_card,2,463.98
f9ce443a-73ba-47bc-8d21-8dd0cc0ef349,1,boleto,8,118.1
7b4c9b87-ba7b-4585-8df0-1b15ccc603cf,6,voucher,1,67.86
25e3a522-9845-4221-90da-6765132f9764,9,credit_card,11,83.99
8758b5f0-9ec1-4074-9b94-336cc399927b,7,credit_card,7,30.57
79d5a185-9774-4a52-a354-4426c2496479,10,voucher,6,164.8
66919254-b7ed-4a11-b019-853c49f4fb42,9,credit_card,8,303.17
5b26f4ef-b65a-4208-831b-ed0b85c250b1,5,voucher,2,113.81
fd2d591c-a416-4913-8984-f36a029ec691,5,boleto,10,190.88
54d10039-2e3e-428c-af70-14c31592955b,9,boleto,9,436.89
3c9196aa-c578-49ea-81a9-9afebabf8897,3,credit_card,10,248.31
9001632a-54ad-4577-8f5d-0600557e329e,5,credit_card,1,347.23
791ba3ec-5d22-4a22-99d0-bcfa6e12a0a4,9,credit_card,3,409.51
92330cc7-079a-4ada-91e1-6cbc23d69f67,3,credit_card,5,498.15
6745d96c-c09e-4a79-aae2-641b2b28274b,5,boleto,1,396.01
a9b26c15-5ccf-4b48-b61c-fafbf372e9d0,9,credit_card,10,267.26
958b7d3b-efff-4729-9a40-a40153ef5aab,3,boleto,10,75.42
50efadf9-631b-4a33-b3bc-50a133cd8a1c,8,boleto,5,267.45
a7ac7c9b-a875-491f-925d-82de67913369,8,boleto,5,207.87
1644dfc9-1d78-4f69-9854-92668f83f51b,2,voucher,9,76.28
2fb527e3-7ffa-4fa3-bc6b-1d4af138550d,4,voucher,11,256.49
27f0de93-177e-4ee0-8a69-73899c9678ca,5,boleto,3,320.54
27adca39-a895-4b36-8b63-4a1b50639987,10,voucher,3,248.87
717b5f7d-49d5-414e-b1d6-396f668c18be,3,boleto,2,387.91
f489b9a5-a10d-420e-8708-f04b091b6f91,5,boleto,10,486.82
bcb7fb13-c3c9-4eda-b838-7b928e697b52,8,boleto,4,227.15
4bd00ab0-8c3a-4be2-84d5-5fe75a725477,5,boleto,9,375.85
7a4451b0-ea56-454a-98ef-d47ddcce5d31,3,boleto,8,235.62
07299349-2f35-4646-a2cb-c803ce72f898,3,voucher,7,63.67
492fb505-ba8f-43f5-a422-8358514114a8,2,voucher,5,107.77
c9ba9a32-875e-4b64-87b6-2cd22bbb667c,1,credit_card,2,106.1
b799715c-d0d7-4b75-8fcb-cc37e665e866,8,credit_card,11,109.04
dc6ecbe2-d397-47e2-bbb1-d689bc3652a1,5,boleto,2,69.29
5a2c02f1-8264-4fbf-97c6-2a4d38824b6d,5,voucher,11,372.69
72da3c79-75b3-4a02-b2d4-859fc2c94de0,8,boleto,12,20.9
7a3ca850-f057-49a0-96ea-9de940c83d1f,1,credit_card,1,496.12
7f67aef5-9e6a-44eb-b196-3fee3429ef4a,7,voucher,4,175.68
f5dd0731-0790-4ffa-875e-e16472841745,4,credit_card,2,157.74
38169f82-4310-4b09-9ad3-5d795601f4b1,7,credit_card,6,38.26
38e73909-d05d-48b5-a050-b001533489c7,8,voucher,6,467.58
f83d7f8e-e3d5-4b8f-93e0-f9f7f020004a,6,voucher,3,487.04
72363b73-fb75-4fac-9ac7-4fced625e084,6,voucher,8,408.78
6fd0f68d-b42c-4424-8e2c-a3298253aa01,8,boleto,1,443.52
cf91e253-5d2d-4f08-ae3a-a8fef25a2aa1,3,boleto,4,27.99
d69f1af5-0007-458b-8f91-20a07f2c43b9,3,credit_card,2,186.62
05f356da-80c8-4813-b917-98230f47867f,5,credit_card,10,401.71
043e5e25-50cf-4273-93d4-bc6106b1414c,4,boleto,1,190.15
f1d6bbaa-36fe-458b-baba-a359cebe5f60,9,credit_card,1,120.0
c9abb392-a144-4ed4-a3c4-a0dcecf1dc0d,8,boleto,8,60.4
42faa2d3-68ee-451f-94b0-8884f81e4765,2,boleto,6,450.32
391e7840-5c12-4a38-ac95-c0867b4370df,6,boleto,6,295.38
fc8a9487-ed6f-4b7c-8b5c-f7d42a594b79,2,credit_card,11,243.83
8aa71c23-b26b-4694-970b-e49e15d654e1,1,credit_card,11,283.07
74a6a742-4d64-48f4-b156-e5bdfb2e62ae,8,credit_card,4,260.88
d48193d0-e9dd-4285-a3ff-b25925e5c32c,9,voucher,5,179.03
ca73cd16-823a-4975-9b0a-10da04d60c0e,8,voucher,2,364.0
ce7dddab-a884-4928-96a7-ec5ad2cf8bb0,10,voucher,2,405.66
64da39a6-ac0c-4e25-a943-141e15152cd8,2,voucher,12,208.43
a9c559f0-9fae-415f-9039-daf381198042,7,voucher,3,462.34
2029cd7a-00d2-4188-8cf2-386d24c10603,5,voucher,5,420.74
4aa2ab4c-6afb-44db-b900-af686ecd2b2a,4,boleto,10,349.71
30e1bade-0497-4ae9-b867-967357c94bb2,6,voucher,10,49.55
67824a08-6c6a-46bd-84c5-6dd98df6a10f,7,credit_card,12,218.74
efadfc64-db74-48a8-91e2-31258006d064,6,credit_card,9,360.46
7a269072-22e0-4d01-aa87-700429565a9e,8,voucher,6,100.83
5035b979-34ef-4bb6-bb25-72d05f1eddd4,5,voucher,1,197.64
162ab235-c024-4f5d-9ada-d8ee569a4cda,3,credit_card,4,495.43
f7105be5-90cd-4a1e-b698-b7f5e3f3b5c6,4,boleto,8,307.76
0bc5c718-ed0a-480d-b476-e8a82cec940e,3,boleto,7,328.27
c3aa646e-a839-49a0-83c4-b14213b3fd2c,8,voucher,12,285.56
94471104-8bb8-423b-b8f7-4eaaba8bcf67,2,credit_card,7,290.85
055a2fe1-f278-4e86-9f0b-0042776f05e2,7,boleto,12,208.7
7a3ca850-f057-49a0-96ea-9de940c83d1f,2,boleto,11,389.27
420e970b-17d7-4121-8f23-4492524e399f,6,voucher,7,268.95
2aa0213b-8a75-4793-b9fc-8f96e268e79a,6,credit_card,10,464.19
8bdaf977-1b8e-4c74-a600-ebe77ccf0cbd,3,credit_card,2,278.26
433b207c-9f50-483c-94ab-90e98550e3a4,3,boleto,5,283.63
f33bd5f6-4873-4b91-aad5-79fa33b2731c,7,voucher,4,299.64
e084f5b8-54d7-4921-833b-5833e22fb104,2,voucher,11,100.48
cd3b7fdc-4430-4c62-bff4-37fd4e140251,4,boleto,3,473.86
dfe58205-bd0a-4b21-a2ba-245f9f42090e,1,voucher,1,311.99
42e405c9-b8af-4212-bb7f-1d6a3890e484,10,voucher,2,442.78
07299349-2f35-4646-a2cb-c803ce72f898,10,voucher,4,74.44
e4c6e6cd-b744-473b-a564-3bb190ec06ab,8,voucher,5,47.62
c3e82d59-ce51-4f00-be5e-51a8a3c04089,5,credit_card,7,289.84
ae51c6dd-09b2-4c7b-a286-f26d9bec6b71,8,voucher,2,322.33
42fc5f29-122c-4b7d-aa2e-ad2bec1733eb,8,voucher,10,353.62
a0a5b045-ae61-40b0-9f5a-fedc2489011e,5,credit_card,10,370.63
ec55d95f-f56d-48d8-a52b-340e2ab4884b,6,voucher,9,26.24
64897e73-beef-4838-bb8d-0eafd15c0706,2,boleto,9,492.19
f9f3c18a-f084-460b-9b31-ae3b9418158c,8,voucher,4,241.73
caea3cc8-c333-44de-87bc-50e0f7e0ea2a,8,credit_card,7,184.62
08f88011-4c14-4acf-bf0b-82bc9d47c61b,10,voucher,5,215.94
65bc0c04-ec87-49bf-b62b-f548689a343c,8,boleto,11,225.3
88b676b5-4645-465f-875a-d89c0d34e3dc,9,boleto,3,349.45
46ba7fbb-f096-44fb-a3be-cecf07729b43,8,boleto,6,493.72
f5339ca8-39fb-47a3-a2d1-81197b3e6d46,10,voucher,3,230.08
fc03dba1-8391-49c4-b12f-d6b59d9e5045,6,boleto,12,223.93
c69ad226-7b09-4ac1-9fa8-f25f411b3403,3,credit_card,3,453.44
34abe481-7843-426d-8c89-519968b099eb,10,credit_card,6,125.26
b84749df-29d6-4840-97ed-7b0c76a8fb21,6,credit_card,12,68.17
adb7a5f2-45c3-4040-9539-a72a50132d2a,9,credit_card,10,249.1
b00548c6-a933-41e5-97de-888b32aa9f38,5,credit_card,4,139.64
515428a1-9289-4681-b5ce-1b4366190516,1,voucher,2,249.21
c4fd1130-b478-464a-86ab-1a7380c60ccc,1,credit_card,9,372.8
3d93f543-b8fd-482a-8e01-a635cb74d7fd,4,credit_card,3,86.23
30e1bade-0497-4ae9-b867-967357c94bb2,4,voucher,4,361.31
61927c64-d743-4528-b0c5-fe8d99dedffd,8,boleto,3,376.36
d6146361-dae4-414d-936e-d79fc457f2f3,6,voucher,6,147.2
f0631b27-b4b4-43e8-a61c-839dd46527b8,2,credit_card,2,329.55
151fa138-b97a-4ab8-af19-b2ffdadae516,3,voucher,11,243.09
5c57be58-dedb-4269-9574-60d6ac37faa8,1,voucher,8,189.82
f2d084f6-5b23-43a9-aa7f-4eea19172050,8,voucher,3,206.15
7bce6a1f-39dc-4e30-b6fa-55e85e6e3234,3,boleto,4,139.99
4e09784a-9a34-49d3-849d-772c3cbb48ec,3,voucher,9,248.53
3c9c74df-3245-4ba9-b1f8-952fbfbe45ce,6,boleto,11,182.63
6821fa8f-ec16-42a1-b7a0-cf0882a9f41a,7,credit_card,6,245.91
8a6a032d-cabd-4a3e-815c-33ad35b8ef59,7,credit_card,1,100.62
7d618b77-a69d-40be-998c-84bae6500d64,1,boleto,3,47.02
5f0ab072-d23c-49ac-8c22-44643be605e0,9,credit_card,2,289.26
e192cf51-5c58-47e0-a538-c23b9d7931b7,4,credit_card,6,395.15
c41abeca-916a-499d-977f-c5b7f9d2906e,1,voucher,12,224.3
2251de94-5b04-48e2-967e-317845f7e01a,7,voucher,11,17.37
22f5aeb0-3488-45cd-b146-8179a9424daa,6,voucher,3,467.08
f9ce443a-73ba-47bc-8d21-8dd0cc0ef349,3,boleto,12,105.2
1b78ac8a-eec1-4b7f-b550-836812a86d60,4,voucher,4,264.38
e011de81-7c73-4451-9c9a-d37d033ea546,10,voucher,9,118.68
ac4c1aea-bd6b-470a-b292-ef0ad59e903b,8,voucher,5,476.65
40b1097e-1c8a-4313-927f-118692158778,9,voucher,6,297.64
b7dc9dda-ee79-4da5-ba81-efd0fc220cb0,2,voucher,9,460.52
137b245d-6ef1-4d29-88be-9e3060fda8a1,1,boleto,12,280.94
60dfb8b8-4812-4a9e-af09-78f2af6c9568,3,credit_card,9,273.06
b18106ec-5865-4a14-843a-9cb3edd8ec6c,7,voucher,6,96.52
1e87fd97-2c2c-4a40-8e8d-5c04b2464747,5,voucher,3,161.51
85f9b96e-fa05-4052-aa97-3229b26cf432,5,credit_card,6,281.43
50147f5b-8703-46b6-b3f2-9e17936aed4d,5,boleto,7,119.12
dadfbeb7-fdad-49b6-8529-80cf5dd5416e,8,credit_card,10,336.98
70a399be-ddf0-437b-b230-4b22ed40920d,2,credit_card,7,184.19
8a571841-cf18-470d-9169-f34c3923e5cf,4,credit_card,12,285.19
d4820cca-739c-453e-a8e9-142706e2aafb,3,voucher,8,289.13
cb3e258d-5d14-4270-ac04-97d4be07c5f3,6,credit_card,8,42.46
415165df-966c-4d11-98f6-a3b357ac1850,6,boleto,8,387.2
e654a98f-3e98-4f28-8c8d-601635c7cfcc,8,credit_card,4,448.01
c09369a9-e800-4cb9-9ffc-12875c7f51e2,10,boleto,1,413.84
14663d8a-11b6-4ba0-8a15-65b0f6ebf908,8,voucher,11,136.81
24c28ef9-aff5-45ea-83b5-ab05e1b03917,6,voucher,2,206.15
4c0203b7-6b85-4a15-82bd-26aefe401a70,1,voucher,11,492.08
569e59fb-6b48-4c26-bd7a-3beb15b3941e,7,credit_card,1,446.73
c7c6fe87-f9f9-4397-8c82-4de4054c17e4,4,credit_card,1,258.02
ac89539b-320d-4470-bba6-865ae92cb3c7,10,boleto,1,285.98
433b207c-9f50-483c-94ab-90e98550e3a4,4,boleto,4,334.54
a7c6e99f-9054-4978-8ac1-049278839e4d,9,boleto,6,264.16
f5dd0731-0790-4ffa-875e-e16472841745,6,credit_card,12,96.87
4fcdb626-0fe1-4d3c-80af-acbd6b639890,7,credit_card,8,222.48
16a635a7-c2a1-4329-a8cd-0c6736a28abd,2,voucher,3,94.92
1088cd77-e5e8-479b-8616-980af6803488,9,voucher,1,279.99
e0361d32-74b1-485c-95eb-8b0ee3bce5fc,6,voucher,4,79.06
df4db4d0-f067-4c81-8788-9e5395ee5f45,6,credit_card,1,261.65
18b6b14b-5483-47ba-befa-2280cbc1650a,8,boleto,9,467.95
cac4c6f9-1361-4fbb-9e4c-6d32c535e8b6,3,boleto,10,268.43
dadfbeb7-fdad-49b6-8529-80cf5dd5416e,4,voucher,1,237.09
dc1c58f5-bde1-43b4-93e1-2119780b8f34,5,credit_card,9,392.45
8f58e7d3-52b9-4b83-997c-3451a62fa84c,2,credit_card,12,165.9
0fc75bdb-7576-4670-a2c0-d6a87f0510ae,10,credit_card,9,348.79
aeecd8f4-7dcc-4c68-8569-66684b7aeb55,10,voucher,5,110.76
ef3e8a21-6127-45e2-8aae-b6ac24eb9b48,6,credit_card,9,41.04
0e050555-d4e0-4c74-85c8-01de2159c1c8,4,credit_card,4,347.62
67e0cb9e-8407-416b-a572-5e4a53bbdbcb,8,voucher,10,183.37
560eb80d-c253-4c56-8636-c8412a6183ab,10,credit_card,11,189.18
425f9231-7641-4df2-8509-1014a0aa81dd,7,voucher,1,295.54
d69f1af5-0007-458b-8f91-20a07f2c43b9,8,boleto,6,64.95
ce71c8d1-425d-4520-859a-da2aa2f7dab9,7,credit_card,8,361.94
984ade36-23ee-4fa6-9bc0-58b353862bb1,7,boleto,3,59.56
f26d01fd-3868-49e5-a9c6-9c0bdaa1da1f,3,voucher,2,285.69
bc4a92c6-d9c1-4364-86f8-fcbf7fcae827,1,credit_card,2,370.4
44392611-bb51-49d7-a61d-5e689c6decfe,9,credit_card,3,48.0
7b1fe8a4-094f-474c-8619-48517a84e346,10,voucher,8,135.47
55bdb0aa-c005-4e4e-82c5-fd46cd10cdd9,1,boleto,3,251.85
c9ba9a32-875e-4b64-87b6-2cd22bbb667c,2,boleto,2,287.1
a0c078bf-d2d0-4b27-bdf7-4b198a616771,4,voucher,1,333.09
77b3d568-8e2f-4b22-8373-9c108c0d3db2,4,credit_card,6,271.63
7a015179-945a-4703-abf3-b3a6585f5c29,5,voucher,6,114.45
9ca5b061-6dd4-4076-8f6e-5463e645a962,6,boleto,11,252.11
d69f1af5-0007-458b-8f91-20a07f2c43b9,4,credit_card,8,87.81
78d6ffc0-9012-4d73-8f5b-5dfcb64dd1b1,3,credit_card,5,148.93
1d354a7c-0481-44e0-9fde-3a4acd1278d1,5,boleto,5,229.09
fb23a51a-95b1-480f-bfdc-a8c1bf9989e1,6,voucher,4,59.85
ce71c8d1-425d-4520-859a-da2aa2f7dab9,8,boleto,12,174.58
eec52ad2-4796-4c23-a022-ee93317740af,1,voucher,7,415.28
92330cc7-079a-4ada-91e1-6cbc23d69f67,9,credit_card,12,215.05
ef5c0025-3398-4992-be6e-0bc064970914,5,voucher,10,411.66
e4e30332-5aa2-4ddc-afd8-2a7932661c41,8,credit_card,8,383.95
41969a50-3e1c-4eea-af79-3523020d24ad,1,boleto,5,336.39
e6d056f2-1e18-480f-940c-44e315c9c672,10,boleto,5,439.22
885f92cd-37d7-4480-8865-0c84cce2fa63,6,credit_card,1,73.1
b6c22cb1-81a6-4947-a663-0e93fca393cd,2,credit_card,6,118.54
560eb80d-c253-4c56-8636-c8412a6183ab,5,boleto,7,194.94
2369a21a-76f0-42df-856f-057ac9fafd74,1,credit_card,1,408.29
d82cf133-cca5-4990-b530-5c51a501a1dc,9,voucher,11,332.31
f5d52c68-d2f1-40f7-b173-575f63da2e31,9,credit_card,2,54.63
55bdb0aa-c005-4e4e-82c5-fd46cd10cdd9,6,voucher,8,315.25
dadfbeb7-fdad-49b6-8529-80cf5dd5416e,6,voucher,9,66.22
415165df-966c-4d11-98f6-a3b357ac1850,7,boleto,1,61.02
6a7828f3-5e19-479d-8a3a-0139e85b5575,10,voucher,3,343.64
e32d6ea2-ec81-4979-b81f-e318679e1435,4,credit_card,9,152.16
54e972c3-3220-4e80-ab6b-39631592ee27,7,voucher,9,420.76
9c6756fa-9a70-4ab6-959e-6ed55a5dec3c,2,voucher,1,234.47
d6146361-dae4-414d-936e-d79fc457f2f3,3,voucher,11,487.64
2cd17330-0bd9-44d8-a77d-0d02abfe3b6b,7,voucher,11,93.5
c13690f4-aa2d-4f4b-bfdb-4ec580153943,3,boleto,12,164.96
fab13a90-1eb6-4cf4-9e19-69196246b95f,8,boleto,9,74.14
57bca2a7-c4c2-4ef3-90f9-76f9d673f23e,10,boleto,7,440.21
8cb99396-4bb8-44a9-8140-256533194b42,10,credit_card,1,274.91
2f814322-7bf6-4e92-a246-a47159d3bc19,4,boleto,5,95.59
5f9d6dda-911e-4d61-aae5-b6d9b54c4945,7,credit_card,12,308.84
1e87fd97-2c2c-4a40-8e8d-5c04b2464747,4,credit_card,4,18.06
0a44c03c-51d1-4b0d-8496-6fb6e934da9b,10,voucher,9,356.99
1acd69c1-cf26-4adf-80a6-571ab5daa15d,8,boleto,7,348.19
44392611-bb51-49d7-a61d-5e689c6decfe,1,boleto,10,442.53
37d11c10-2f4f-47cd-87cb-a34e5cd2e7cf,8,boleto,2,335.35
1ea4c534-6c79-4e76-a05a-d6f097bd9ed0,2,boleto,12,487.53
4b07d5c6-fcfa-43a8-acc1-531df7bfe60c,6,boleto,11,197.15
f3e17f5f-0ab5-4009-b9df-ec41685f1162,8,voucher,1,335.26
a0b8a117-b285-4728-b820-c1c636981c5e,4,credit_card,6,307.95
6bd738ac-7ceb-44f5-8655-ae713dbdbbbd,8,credit_card,11,391.19
082a1719-21d8-4765-885f-5c2f8686f792,3,boleto,7,64.3
7f14faed-7988-421c-936b-045db9191a47,8,credit_card,10,114.39
2ca3c73f-5e93-48db-aa6f-37e3538ed233,1,credit_card,8,33.86
1cbc7ef5-4831-48a1-8a95-4659ff4be04e,10,boleto,5,296.31
c99a06f1-de87-431f-abe4-1c0633c8c8ac,2,boleto,5,54.94
7655e02d-8029-42a3-806d-82aa2d052be8,1,boleto,3,464.63
2cb025e0-4199-46f5-a0ec-c16c273f3ace,7,voucher,7,314.12
c1c45170-2720-4eed-97ed-29d0e53b350d,6,boleto,4,95.57
72ec48df-aa55-4ac1-a464-4702c4046878,3,credit_card,10,70.58
3ba66c2d-6dd6-462d-83b3-fae5fa5ee827,8,boleto,4,124.29
df4db4d0-f067-4c81-8788-9e5395ee5f45,4,credit_card,6,137.85
fd2d591c-a416-4913-8984-f36a029ec691,2,credit_card,9,133.88
ec08af89-44ec-4bc6-a611-ffa949804117,10,voucher,12,174.93
f26d01fd-3868-49e5-a9c6-9c0bdaa1da1f,10,credit_card,6,29.34
9026bdb7-d3b8-4205-a0c8-865a59c6d334,9,boleto,11,19.91
33e43f1f-c57e-4b1b-b017-c395510301f4,10,boleto,2,73.23
e874ff61-cdcc-44b6-814e-a0745445a422,6,voucher,2,353.66
431877fd-7b13-4577-83bc-e3a29b21493c,10,boleto,9,362.91
6a7828f3-5e19-479d-8a3a-0139e85b5575,3,voucher,4,31.25
2dfafd0e-e082-4d99-ba0c-1ae330793224,3,voucher,11,199.41
791ba3ec-5d22-4a22-99d0-bcfa6e12a0a4,3,credit_card,7,401.35
f8d0d1b9-9fd7-465c-b891-82e7c80d5c46,8,boleto,10,237.04
f7c6522f-fd24-486e-b6af-5a4b7779457f,4,credit_card,11,110.09
b3293095-d60e-4eee-9344-6e73a52dec36,1,boleto,8,121.31
c45d1cbd-e8f3-4c68-b9cd-d0e119ade875,7,boleto,4,104.45
ac4c1aea-bd6b-470a-b292-ef0ad59e903b,5,boleto,4,143.8
9bdf2455-ff15-46a0-b074-110709653431,2,boleto,8,118.57
cab8830a-bba1-48bc-a4bd-a259ac243d4a,3,credit_card,3,251.71
e6d056f2-1e18-480f-940c-44e315c9c672,5,voucher,10,175.24
ca73cd16-823a-4975-9b0a-10da04d60c0e,1,credit_card,6,57.66
45e702ef-498f-4f70-92b5-1abc12e1e112,10,voucher,6,144.78
caea3cc8-c333-44de-87bc-50e0f7e0ea2a,3,credit_card,2,362.56
8aca5f1c-eeba-41a2-bf93-67785b89215e,6,voucher,11,456.89
a2db099e-b815-44c8-ad3f-bff5b2d12b6e,2,credit_card,12,254.75
858f0869-e2f8-4492-a0e6-773dec24f6c2,1,voucher,8,93.76
4fcdb626-0fe1-4d3c-80af-acbd6b639890,8,boleto,1,409.33
909a87e6-02e6-4198-88f8-48d779eb083c,6,boleto,5,102.17
c6c333ed-b9f3-4241-9ff2-52a7a7cf15b8,3,boleto,1,29.87
4d78b1b7-c3fc-42e9-bc99-467fb6fa114b,5,credit_card,9,181.51
e427f3a5-7723-463b-a0c1-03eb5a0c3a86,6,voucher,1,23.79
a62e41ad-536d-4dba-9de5-ef9580eb905d,3,boleto,6,347.54
5b33ae6f-c3a5-4303-a33b-8d48fb881271,7,voucher,1,464.4
1f008d43-59c3-4798-8558-2adbc9fea522,4,boleto,10,498.41
d489e50b-7dce-42e8-a8d5-0aa7d1c6d144,7,credit_card,2,428.86
043e5e25-50cf-4273-93d4-bc6106b1414c,1,credit_card,10,70.05
ef535116-637b-4596-82c4-f482ee06d12f,6,voucher,2,83.17
3313b2e5-da51-4bf0-b355-40abbc3c4809,3,credit_card,8,240.58
6745d96c-c09e-4a79-aae2-641b2b28274b,7,credit_card,11,175.84
3d4cc4a1-51ae-4f49-813a-9a907a64f983,8,credit_card,1,364.8
f36dc0d8-e083-45f7-a62a-18c075235658,4,boleto,4,497.04
33c4720f-9047-4624-aba1-bcd7c2e05827,2,boleto,6,420.43
4d6a0039-838d-4223-9d14-d274d7f4aff6,5,credit_card,7,94.96
5b91576e-e4cb-41a8-9c59-d43b0ab7a239,6,voucher,7,49.14
c18ce0f8-651c-49fe-abdd-43d119bec440,5,boleto,8,452.62
d71ca975-0fc0-44f5-a68b-4c10f7396d0a,3,credit_card,2,449.69
d82cf133-cca5-4990-b530-5c51a501a1dc,4,boleto,8,365.67
d489e50b-7dce-42e8-a8d5-0aa7d1c6d144,8,boleto,6,13.2
7a3ca850-f057-49a0-96ea-9de940c83d1f,10,boleto,8,497.45
528bf95b-286c-45b9-a047-4108bfbcc8a5,9,boleto,7,351.52
46d92bae-a992-4add-976c-da1e054c2013,9,voucher,5,426.65
d77ecc2c-e497-42e9-b524-18461ee88328,10,voucher,1,262.6
c13690f4-aa2d-4f4b-bfdb-4ec580153943,7,voucher,12,486.97
6821fa8f-ec16-42a1-b7a0-cf0882a9f41a,2,credit_card,4,486.19
2763ebeb-92ec-45ac-b424-99ed5817bd4b,6,boleto,10,368.08
7605e9d3-a7aa-41d1-ac4f-20b99dc620b2,5,voucher,7,265.04
431877fd-7b13-4577-83bc-e3a29b21493c,1,credit_card,5,217.27
44ce27a5-efd4-42c2-b5c1-f38bba4eb392,7,boleto,9,48.74
321473b1-baa0-489d-8a82-cedc7347a94d,4,credit_card,11,402.07
9ca5b061-6dd4-4076-8f6e-5463e645a962,2,boleto,8,154.39
523fddcb-ff0c-4bb0-8715-03a46bb24d1b,1,credit_card,7,331.64
1bca27bc-dcd1-42b4-9bb3-76789844293e,1,boleto,9,331.59
77f6b78a-0354-4c37-91fa-cb2aff38040b,5,boleto,2,32.2
77f6b78a-0354-4c37-91fa-cb2aff38040b,9,credit_card,8,55.66
9a103197-58ed-4645-855c-4cdabcdb5151,4,boleto,12,414.28
6e2072f5-df36-4243-94f4-48dbb3906c56,7,voucher,1,413.52
b1dcef7d-55c7-4481-b881-3785df4c3263,2,credit_card,11,293.66
f20705f8-7831-45f2-8ff9-81f5769498b7,4,credit_card,7,489.05
bd1c504c-e1dc-474e-8c1c-87201d35fe62,7,boleto,3,54.3
36668188-e968-49f2-9d89-b7933d409f58,8,credit_card,4,175.59
1a1bf0d2-1906-4a52-a762-df9a236a45bb,9,voucher,4,247.04
3f916cf0-b1d5-4536-8ce1-6a72673e30af,6,voucher,10,444.92
11381a39-f022-4ecd-958b-fc2148b2f34c,4,voucher,8,117.29
62d41abe-7d9a-467c-bc5b-511341f7a8e3,9,boleto,11,228.01
1e11613a-a95b-42c3-8b7a-27ed91264a80,10,voucher,6,243.12
c8483f56-e1e5-478d-bff7-aed94f68ea2e,7,credit_card,10,56.7
0c9a68f4-ee6c-412c-9291-94fd3661928b,1,voucher,8,188.14
7b5646fd-af3f-4a2a-98d8-b652edf70fe5,9,credit_card,8,142.04
4c0203b7-6b85-4a15-82bd-26aefe401a70,10,boleto,6,293.34
6f23a747-3ed5-4fa9-a461-0e4226d430cc,5,credit_card,6,158.23
d2e60f0c-6d3a-4286-94e9-69a73301bdca,10,voucher,5,53.14
431cf76e-c1ae-4dc0-8e78-65a701b77a63,10,voucher,8,346.27
0c5ef4ac-86dd-4eb4-a0b7-a94f60b5ea3a,9,boleto,9,346.37
a7cc9acb-72fa-438f-9e97-b6218a703a89,4,credit_card,4,324.59
b1005f08-ba1e-4fbc-8fe5-f74b79d5315d,9,boleto,4,402.71
b5de2744-47fe-4e83-82a1-71068d06a08b,10,voucher,6,489.99
42507095-d2f2-4b0d-bc12-e5500bdc7a2f,1,voucher,7,165.08
07328762-8bdd-4cd0-95d7-bcb87f1b8658,1,credit_card,3,374.56
bbdc5a10-e648-4124-b8d4-ab0803113144,1,voucher,3,396.72
3839226c-1d20-47ef-a183-e3258d9d1b97,8,voucher,3,338.51
558d6af3-5adf-4a36-a31d-04f56e5d8c45,5,boleto,8,446.11
a0a5b045-ae61-40b0-9f5a-fedc2489011e,3,voucher,9,82.6
37d11c10-2f4f-47cd-87cb-a34e5cd2e7cf,9,credit_card,1,396.18
338d6640-85a1-484b-a6d8-14cc73ef6c68,4,voucher,5,125.54
26028e67-6836-4c8f-80e1-504478ed9b54,6,boleto,2,145.39
157b5514-caeb-464f-901d-d8fc852b52eb,9,voucher,9,409.36
00101944-660f-4402-a957-b54372421547,2,credit_card,11,414.08
caea3cc8-c333-44de-87bc-50e0f7e0ea2a,10,boleto,11,72.1
530c46b0-7953-438f-974c-45722c82047b,4,voucher,3,10.99
42a1df75-3560-4271-a101-fd7ad3687e48,3,credit_card,3,485.99
3c9196aa-c578-49ea-81a9-9afebabf8897,4,boleto,10,444.9
b7ac2536-e335-49fd-a293-e2b4536c7d7c,7,credit_card,7,318.36
6f3b821b-ff19-4cc7-bb88-be553bf7f948,6,credit_card,8,334.81
5e0d4ac3-8200-42a1-9dcd-d9a75abf90ae,7,credit_card,1,474.14
0c3bb73c-2264-4c18-a920-19b802df09ab,2,boleto,3,458.79
4dc381e9-05d5-4f7e-9024-dc3d02d0c153,4,voucher,9,368.19
e192cf51-5c58-47e0-a538-c23b9d7931b7,6,credit_card,2,406.18
fab13a90-1eb6-4cf4-9e19-69196246b95f,1,voucher,11,380.99
90ba49aa-d677-4841-9234-abfb2f4640a4,6,credit_card,9,447.32
efa7ae99-19ba-4dc4-92fc-abd10f67f229,10,boleto,7,379.62
6146e568-a758-4657-aec9-39dd0d14283f,5,credit_card,6,13.05
53d8aabc-cf72-431d-8bc7-a811e50e1bb7,8,voucher,5,271.27
1d6c5483-aafe-432f-b2d0-bf3aa36c47d7,3,boleto,6,379.89
fab13a90-1eb6-4cf4-9e19-69196246b95f,10,credit_card,8,251.18
f5dd0731-0790-4ffa-875e-e16472841745,5,voucher,4,47.18
b1b1f9cb-ce13-4a98-99f9-a8ab895d4efc,8,voucher,8,314.31
c8d6e6a4-e72a-4c83-a5a6-01e9bc38dabb,6,boleto,3,328.74
0c3bb73c-2264-4c18-a920-19b802df09ab,1,boleto,10,208.31
45c28c11-bf12-4d6b-9233-f4e545e20a6c,5,voucher,5,491.97
051754c4-4563-4f7f-b61d-0ecb5f0c62a9,4,credit_card,11,277.61
3c9c74df-3245-4ba9-b1f8-952fbfbe45ce,8,credit_card,6,104.73
e66eb157-b625-43ac-9349-7acf332292e0,9,voucher,11,495.51
ef535116-637b-4596-82c4-f482ee06d12f,7,boleto,7,192.38
221bac4e-a842-4b3d-991d-9dcc98fda532,3,credit_card,7,468.7
6c71c64e-8263-4472-acba-8f4c6b9f3f80,3,boleto,2,279.49
9c682ce1-ac63-446a-a09c-642b83359987,10,voucher,12,404.15
99cb98f1-797e-4e3d-8744-b84f388b18a6,1,boleto,1,374.34
dd03c786-dcfd-445e-8bde-9f5d284d4a2f,10,boleto,10,466.98
f9878b8e-c88c-4c07-86a6-88ede83f533f,1,voucher,5,198.81
de9b6128-0e84-4e87-a713-0835e6236272,8,credit_card,6,72.96
0074ae54-054e-4b03-8f1d-a38a91ae2443,1,voucher,10,387.32
49f705a0-0aed-4d07-8b14-fc648d9c9e47,6,boleto,5,322.32
4f3ea8bb-094a-42d5-94e6-f50256d11921,10,credit_card,5,29.74
fe9aa3cc-a694-4a97-b998-c70713c30888,10,boleto,2,331.49
9cdd8bf7-eef9-477c-b501-f0c56d0f6371,4,boleto,6,380.37
4a20e429-554f-4c8b-99fc-e1d226e0d764,4,voucher,5,232.21
7a269072-22e0-4d01-aa87-700429565a9e,2,voucher,5,48.93
22f5aeb0-3488-45cd-b146-8179a9424daa,5,credit_card,12,450.49
b794e654-b490-430a-bb4f-910d3a54f9f0,8,credit_card,5,92.78
f604703d-0e98-469d-adb4-7251242932f2,7,boleto,1,261.24
612e765e-378e-415b-a829-57fc178aed48,9,credit_card,9,125.06
66919254-b7ed-4a11-b019-853c49f4fb42,5,credit_card,7,185.88
00a1ed93-4a87-4568-a100-b83dd264c309,2,credit_card,10,87.04
a63ac4f2-966b-4e56-9ff5-098d7fb80af0,8,boleto,1,283.76
1b78ac8a-eec1-4b7f-b550-836812a86d60,6,boleto,4,310.66
f8e889d0-24fe-487e-b69b-fdce05322092,6,voucher,12,199.89
3b313213-95ca-416c-915a-7d11fe2fdb19,2,boleto,3,118.06
1c16b985-3b27-4ac1-b073-f9fdbae076c7,1,voucher,8,64.43
3b313213-95ca-416c-915a-7d11fe2fdb19,1,voucher,9,273.72
f6b890c4-8d16-4f97-9513-945688d50812,5,boleto,1,239.33
3e829c5b-cd5d-4df1-98bd-f73df6df2f8d,8,credit_card,7,279.62
c533e6f3-1d5a-414c-9952-516345261e9b,8,credit_card,4,391.32
7b6f357e-f758-4009-a785-3f564c26f6ad,4,boleto,1,124.29
d5ba873a-3f0d-4b98-84df-166a3eab1087,9,credit_card,8,361.94
eb9a8354-3045-4b6b-bf6a-3a44f85848f5,10,voucher,10,124.15
7605e9d3-a7aa-41d1-ac4f-20b99dc620b2,3,voucher,5,206.08
639cc044-cf30-4995-855b-65a85bd5ed1d,7,credit_card,7,481.33
cb097537-8ff9-4e8b-a050-b3fd21da767c,3,credit_card,6,244.44
ca73cd16-823a-4975-9b0a-10da04d60c0e,7,boleto,4,111.27
bd578e39-720f-4df7-a536-407da8722b59,5,credit_card,3,103.06
90ba49aa-d677-4841-9234-abfb2f4640a4,7,voucher,9,81.34
1313bc7d-21a5-4a67-840a-6de168d83a21,7,credit_card,10,439.6
0450bc08-bf55-41b7-b0e0-5215edfd8334,6,credit_card,4,231.66
b84749df-29d6-4840-97ed-7b0c76a8fb21,7,credit_card,3,456.69
64c74473-ff56-46bf-b169-010d5cdb5128,5,voucher,1,352.31
66919254-b7ed-4a11-b019-853c49f4fb42,3,boleto,6,274.28
02527f99-87c8-4deb-8178-8ab79153e5e7,2,boleto,6,348.86
a4c974f8-29bf-43b1-9175-18d9308b1fbb,1,voucher,6,117.39
530c46b0-7953-438f-974c-45722c82047b,10,voucher,2,45.28
e6f061a7-56de-4438-8b47-05f0a80265f3,1,credit_card,7,377.64
9d333c9d-297e-4171-aed9-517e2c29b2a4,3,credit_card,9,143.67
52b1d728-38bf-4b56-a0f0-5a34023c45d9,4,boleto,4,161.47
ec6ad33f-65c2-4959-8300-86b6d0339b58,8,boleto,7,139.28
67e0cb9e-8407-416b-a572-5e4a53bbdbcb,1,credit_card,7,315.98
a7cc9acb-72fa-438f-9e97-b6218a703a89,10,credit_card,11,306.99
082a1719-21d8-4765-885f-5c2f8686f792,10,credit_card,6,428.61
60dfb8b8-4812-4a9e-af09-78f2af6c9568,10,boleto,12,35.05
2725069b-3b01-489b-a91f-75ec120bdb7b,1,boleto,3,15.48
82eb2d7e-f173-4e63-9ec3-20ee2b46c558,6,voucher,4,126.12
85685134-7eea-4c6e-83af-c73aed5286c1,10,credit_card,3,103.55
d489e50b-7dce-42e8-a8d5-0aa7d1c6d144,1,credit_card,1,427.77
02527f99-87c8-4deb-8178-8ab79153e5e7,10,credit_card,7,391.67
51ef8fd8-e830-4d29-9ede-b209365ed56e,1,boleto,1,141.47
09a39e4c-b285-426b-b1f2-79393097c8de,2,voucher,4,187.84
16a635a7-c2a1-4329-a8cd-0c6736a28abd,1,voucher,12,338.23
fd2d591c-a416-4913-8984-f36a029ec691,4,boleto,6,111.89
6b8428aa-d8ee-4b35-8f99-806b5cc4c70b,9,boleto,8,364.1
5a4aab4e-c589-4617-b102-ff6e3342ce94,3,credit_card,12,45.57
64da39a6-ac0c-4e25-a943-141e15152cd8,6,voucher,10,283.77
f7105be5-90cd-4a1e-b698-b7f5e3f3b5c6,10,credit_card,10,272.44
6288acd0-c07c-4dd0-b445-a194ac560fa3,2,boleto,10,276.17
0c30974c-2dff-4cf9-9b6c-30b084d81419,2,credit_card,4,408.01
b756140a-5dcd-4699-ba3f-8d0beb5bac70,7,voucher,2,164.71
051754c4-4563-4f7f-b61d-0ecb5f0c62a9,5,credit_card,8,177.4
3675bc74-ca94-4c21-a63f-b770be667f10,9,voucher,12,201.59
4c7b35c9-d6a8-4a3f-bf56-587bc5898de5,8,credit_card,2,486.65
373f0931-cf04-461e-a925-37be9f0366e0,2,boleto,6,71.08
867fdfd3-ae15-421e-87fe-7819637c5322,9,voucher,8,224.64
facbfc23-a0da-431a-95bb-b5414b2369cb,7,voucher,6,156.43
88b676b5-4645-465f-875a-d89c0d34e3dc,10,boleto,10,68.41
e7736dbb-5994-4ca4-88f4-689472f884f6,5,voucher,6,76.98
f9ce443a-73ba-47bc-8d21-8dd0cc0ef349,9,boleto,1,46.05
7f14faed-7988-421c-936b-045db9191a47,4,credit_card,2,443.15
e826c89b-c7b3-4234-a072-88b02e4c8f8b,9,boleto,5,495.57
bd1c504c-e1dc-474e-8c1c-87201d35fe62,5,credit_card,3,333.61
7f67aef5-9e6a-44eb-b196-3fee3429ef4a,4,credit_card,9,498.16
65bc0c04-ec87-49bf-b62b-f548689a343c,1,credit_card,5,441.42
360ddb57-383f-4722-85ee-744c2f9be6c6,1,credit_card,4,143.39
3085de39-c258-4111-9b8e-0a5fc79f4647,4,credit_card,1,12.75
9722fb5e-c5c1-4c52-85df-357404387e14,5,credit_card,3,362.32
42cce070-e97c-439b-8897-be3997775112,5,voucher,2,402.86
68f723ce-93ca-448b-ba05-940483abe0fd,6,boleto,4,75.82
26f36f81-ac83-499e-a64b-6a2a3b32566e,5,credit_card,11,486.76
f9f3c18a-f084-460b-9b31-ae3b9418158c,2,voucher,2,326.38
f51baef3-f6f1-489e-833f-b32641c51e41,2,voucher,3,269.62
1edf24ad-d218-442a-8b6f-0dad542f4c76,6,voucher,5,413.58
86b60070-faa1-48b1-9fdb-fd50233af4f7,7,credit_card,3,261.49
61927c64-d743-4528-b0c5-fe8d99dedffd,9,credit_card,5,134.07
f1cce865-1ffc-46a8-8818-95b99fc1641f,5,voucher,5,108.1
76aa49b3-f7b2-48d6-9e37-4764d12b60e3,2,boleto,2,429.04
da3a851d-5ac8-4692-908a-0e9ba4feea8d,4,voucher,9,94.13
59d64acd-c247-43f0-89dc-6ae42f34334a,8,boleto,2,397.75
0175e7c9-8943-4736-9680-02ec957f2e71,3,credit_card,10,375.28
45c28c11-bf12-4d6b-9233-f4e545e20a6c,9,voucher,6,313.73
9722fb5e-c5c1-4c52-85df-357404387e14,9,credit_card,3,51.97
63d2eb08-5b5e-4087-b9d5-d2409b074b2c,7,boleto,4,262.84
50981629-7982-464a-a64f-907ae85f8c3a,7,voucher,6,369.18
e2ecad70-2245-441c-a570-9f1595830a18,5,boleto,5,424.28
1c7cae37-f6af-4c29-b730-df9e3375ddbd,10,voucher,8,81.41
a9c559f0-9fae-415f-9039-daf381198042,8,credit_card,4,369.59
165939c0-8f87-4125-9648-3cd52cb56fc2,3,voucher,3,496.98
546a99bd-b01e-476c-984e-c3e597a71dca,4,boleto,10,32.61
431cf76e-c1ae-4dc0-8e78-65a701b77a63,6,voucher,6,192.68
3839226c-1d20-47ef-a183-e3258d9d1b97,10,voucher,4,310.63
039a94a0-ccc7-4939-9909-a47ce4500b0f,6,credit_card,6,69.64
3e30977c-a6f1-49a2-9fc2-1d1d479e757e,7,boleto,10,198.56
ecb98fcd-2c99-42c7-9c21-5ca813ad8640,7,boleto,3,379.63
0dd173e1-8a84-457a-a9bc-e4d4afcbb55f,8,credit_card,2,405.96
65687c7f-64b9-41e5-adcf-4e76bea0dbbe,3,voucher,9,235.5
039a94a0-ccc7-4939-9909-a47ce4500b0f,1,credit_card,2,455.62
af2f14eb-f594-4c80-9058-75a153202120,9,voucher,10,487.15
75fab891-d859-423a-9b26-014ca80245b6,1,voucher,9,23.23
bbdc5a10-e648-4124-b8d4-ab0803113144,8,boleto,2,124.34
7dc3a4cc-4567-46ab-a182-ff966333defb,3,voucher,4,354.63
1313bc7d-21a5-4a67-840a-6de168d83a21,8,boleto,10,424.71
e084f5b8-54d7-4921-833b-5833e22fb104,10,voucher,2,304.88
4d78b1b7-c3fc-42e9-bc99-467fb6fa114b,9,voucher,1,196.13
a8c02b6e-5b05-4b9d-b685-5233ae0d2297,2,voucher,11,457.94
d8ed9b11-471a-4f9a-82c4-7a485570fe61,4,voucher,9,206.05
135cd96e-829e-40a7-8a41-3e47c0d26943,6,boleto,6,480.05
27cd0c4a-7b26-4bd3-a5bd-e8f9ed5c4e69,1,voucher,10,10.04
a2db099e-b815-44c8-ad3f-bff5b2d12b6e,9,credit_card,9,240.82
9c005d6b-ccb2-418f-9939-17353754c0fd,1,voucher,11,467.29
12ff1ae7-10a0-460e-af55-e8b6a60da733,1,boleto,6,97.42
6c690a57-a911-4cf4-9b70-8d9336d3de7c,9,credit_card,11,350.09
64da39a6-ac0c-4e25-a943-141e15152cd8,1,credit_card,5,40.01
7a015179-945a-4703-abf3-b3a6585f5c29,6,boleto,10,262.48
80d01108-9f3c-435a-a41e-3a6e3fac0352,8,credit_card,8,113.73
e6d056f2-1e18-480f-940c-44e315c9c672,1,credit_card,12,471.44
7bbced6c-2e96-4d88-bc65-a5f5df4163cc,5,voucher,8,304.54
69c8be4a-20ba-460d-a8bb-6bfe60665470,8,boleto,4,388.7
44392611-bb51-49d7-a61d-5e689c6decfe,2,boleto,8,478.46
d7b62ac6-cef2-477e-bb50-ca39266b9c31,9,voucher,11,452.72
0c68942b-a4dd-4410-ab1f-398f0643c973,10,boleto,11,55.38
b8e91780-9c37-47d1-b205-48d144c04b82,6,boleto,12,355.08
f483e38d-f0c4-48e6-85ec-b07913e04ce1,8,credit_card,6,459.25
8e48cdfb-0811-4a59-bff4-75194a60e06b,8,voucher,12,80.25
bfded10b-97ec-4ba6-9883-8d68989315ea,4,credit_card,4,374.21
a44aa1b7-87cc-48eb-96f3-78253c4d7eb8,3,boleto,9,139.09
1bf4846f-1aab-4b7e-8a37-75c91f63ec8c,6,voucher,2,101.08
acde0127-bd9d-42f9-a791-52d8c2ccb1fb,6,credit_card,11,374.61
bca225da-ce75-424b-b2fa-31a2e1088618,4,voucher,2,407.57
7f14faed-7988-421c-936b-045db9191a47,6,credit_card,7,288.27
aba78e57-9b33-455c-9ae1-78cc539a76bd,7,boleto,8,435.34
b6b62a3a-35d8-400a-a368-bc22286295e7,2,credit_card,12,455.35
325edab2-0599-4c09-a9c3-005c64dac6a2,4,boleto,10,399.22
34ea2f96-de79-4856-872b-327dbfbf75af,1,voucher,2,325.03
00101944-660f-4402-a957-b54372421547,5,boleto,3,410.19
f0220e4a-a502-4bc9-a460-914e3156f5ec,3,credit_card,5,326.13
9e420e89-d5f0-4957-822f-4fabafb9f767,3,voucher,4,25.9
ad8fe55e-1436-4ba5-b0e6-597ca67386ba,4,boleto,7,338.99
77b3d568-8e2f-4b22-8373-9c108c0d3db2,3,voucher,2,267.39
7a492f07-7827-451a-8c81-9ce491fc281f,9,credit_card,12,422.2
9dd324df-6ebe-4ccd-8d24-1d3ca10bce23,6,credit_card,9,361.93
33ca70b1-ede0-4b41-9b4d-a155e048aed7,5,boleto,8,367.8
546a99bd-b01e-476c-984e-c3e597a71dca,2,voucher,9,313.43
e3497523-079a-440d-9d36-1fe4e6b0917c,6,credit_card,10,130.8
1644dfc9-1d78-4f69-9854-92668f83f51b,10,credit_card,8,325.67
e2916c60-7eef-4225-ac8b-58c5f80c4808,7,voucher,8,257.56
b6b62a3a-35d8-400a-a368-bc22286295e7,10,voucher,10,166.3
cd3b7fdc-4430-4c62-bff4-37fd4e140251,2,credit_card,9,21.96
e73dda34-5159-42ca-ac4c-3bbbd078ad19,4,credit_card,1,80.8
f8e889d0-24fe-487e-b69b-fdce05322092,7,voucher,4,234.8
aac268bf-b631-4ff7-9b63-0653f7f2bdf9,10,voucher,11,79.81
09e34197-28d4-4ae2-82f3-53e28be67a12,3,boleto,5,24.15
d28bd13a-1aa9-46dc-a7e6-bf5a8686d4da,1,boleto,4,172.29
b664ebb2-cb50-4d32-92dc-bcd7b9f29af7,10,boleto,2,494.94
d9d58c11-e446-4fed-80be-0259ae8ca48c,2,boleto,2,212.65
44392611-bb51-49d7-a61d-5e689c6decfe,10,credit_card,3,348.91
e68f25e1-2df4-4fa9-93ed-019d7ac2dfd2,9,voucher,10,332.23
11506e56-b0da-42d3-871b-8caf930b9aef,4,credit_card,2,467.16
bc168050-5518-4f9c-9080-bdda9292262e,8,boleto,6,48.18
909a87e6-02e6-4198-88f8-48d779eb083c,1,credit_card,3,497.62
8aca5f1c-eeba-41a2-bf93-67785b89215e,1,credit_card,7,493.59
3639582b-71c9-44fe-be78-548f185ff9af,5,credit_card,1,482.61
cf91e253-5d2d-4f08-ae3a-a8fef25a2aa1,6,boleto,10,175.39
c8b9fec2-f598-4932-9fe5-f5b7af0966a0,10,credit_card,11,481.56
36fa5322-1aff-4ed4-b5ce-1aaf0b1256ee,7,voucher,9,435.7
e96b1e45-d755-4518-ac88-378665fd3a31,9,boleto,5,106.08
08504052-4c85-4a64-97fb-48f41b9946b1,7,credit_card,11,25.4
31d607d9-d316-4b6e-9720-3ddea1b82f40,4,credit_card,9,397.48
82d6dff0-b72c-4d88-b662-3271457ea89d,1,credit_card,4,123.78
e3c013cd-e1c4-44bd-9d5c-c69a01fc915f,4,boleto,7,355.28
86ae1f08-34ea-4c85-a000-47674ef9e314,8,credit_card,12,37.48
867fdfd3-ae15-421e-87fe-7819637c5322,5,boleto,5,127.91
249c9d5b-2af3-485f-90af-5c06b6784709,10,boleto,9,426.94
34ea2f96-de79-4856-872b-327dbfbf75af,5,credit_card,1,28.29
db181920-70fb-47f8-babb-a15b324d8753,7,boleto,4,100.48
d532b1f0-5cfc-4a3a-8fc6-9347d9c8c559,9,credit_card,2,403.8
14480fb7-11ce-4a4f-8828-fd9e2daf5eca,8,boleto,4,337.72
e66eb157-b625-43ac-9349-7acf332292e0,3,voucher,3,126.55
6e2072f5-df36-4243-94f4-48dbb3906c56,10,boleto,1,186.67
157b5514-caeb-464f-901d-d8fc852b52eb,8,voucher,6,400.51
41ed1e99-552f-45d8-a33e-1ec58d2c790d,6,boleto,3,410.44
2870ffee-fc21-4906-88cc-56f099c7b011,9,credit_card,2,259.13
11381a39-f022-4ecd-958b-fc2148b2f34c,2,voucher,5,337.6
667cc194-5b79-4dc5-9361-9339dd3b90cd,5,voucher,6,49.65
aec80151-9dc1-430f-bf8d-d16674dfc9ab,5,boleto,3,115.47
7605e9d3-a7aa-41d1-ac4f-20b99dc620b2,2,boleto,3,187.35
f1d6bbaa-36fe-458b-baba-a359cebe5f60,7,voucher,8,67.26
b03d4a8a-4db2-4669-b15c-eb9ae4d5baf7,2,boleto,4,137.1
60dfb8b8-4812-4a9e-af09-78f2af6c9568,8,boleto,4,38.38
5aa4d9a3-ddc6-4c9d-81f9-cecb0b20010c,8,voucher,8,189.73
192df569-6eac-4da3-9e52-c5c8813a7224,5,credit_card,7,482.17
14663d8a-11b6-4ba0-8a15-65b0f6ebf908,5,credit_card,11,405.06
ed94fff2-c618-44ce-a74e-6db1d3b900ef,5,boleto,1,269.53
69c8be4a-20ba-460d-a8bb-6bfe60665470,6,voucher,4,296.09
45e9c6d9-67b5-4a28-bf9d-6f2754ce0e38,5,boleto,11,491.11
7ae8a3c0-205c-4951-95bd-537d10d36504,5,boleto,11,274.5
caea3cc8-c333-44de-87bc-50e0f7e0ea2a,9,boleto,4,327.24
1d973941-88be-4de7-90f5-ad2c435b518e,2,voucher,1,423.76
0dd173e1-8a84-457a-a9bc-e4d4afcbb55f,10,boleto,3,487.37
958b7d3b-efff-4729-9a40-a40153ef5aab,5,boleto,3,264.33
8e14f213-f6d2-400d-a14d-6dad2ca76bbd,5,boleto,10,383.51
7716e4d6-01a0-4553-bac9-6d58a4f08b55,6,voucher,5,267.99
8a571841-cf18-470d-9169-f34c3923e5cf,3,boleto,9,496.87
e0d7539b-30d6-498c-9f4e-cb926a583e01,2,credit_card,10,291.07
48b7f82f-f326-4432-a184-eaf8d4fb4819,6,voucher,12,288.9
c828f034-0773-4c8d-863d-6167570106ce,10,credit_card,1,368.58
b89ed0ad-3ace-4186-814d-626ad9c6b1a0,10,boleto,3,406.87
f60aba28-19ad-42b0-9842-72ef17705b64,2,voucher,3,403.63
429e6316-11df-487a-adbf-ba1bf74a22e4,6,boleto,2,52.6
dfe58205-bd0a-4b21-a2ba-245f9f42090e,10,credit_card,3,303.33
6a99da61-1968-48d4-a6c7-cb59cdf85e0d,2,voucher,3,199.11
e874ff61-cdcc-44b6-814e-a0745445a422,3,credit_card,9,70.1
836f3e48-d5ce-4275-8bfc-e0c6c10cdabf,8,boleto,2,159.17
c3aa646e-a839-49a0-83c4-b14213b3fd2c,2,voucher,3,155.93
0e050555-d4e0-4c74-85c8-01de2159c1c8,8,voucher,2,255.1
569e59fb-6b48-4c26-bd7a-3beb15b3941e,9,credit_card,7,471.47
ce999945-d21a-45c2-8b65-2ac0247b6a8c,2,voucher,2,438.15
4b4de0a1-5501-4288-bc6c-8b92aa4ceeae,2,voucher,12,69.25
94a4f78b-3009-45e1-9521-f225967d1cb6,6,voucher,5,91.18
ed94fff2-c618-44ce-a74e-6db1d3b900ef,9,voucher,3,413.83
9722fb5e-c5c1-4c52-85df-357404387e14,2,boleto,10,60.34
3e95ce32-166a-4af0-9053-08f5a2795e5a,8,voucher,9,337.16
420e970b-17d7-4121-8f23-4492524e399f,3,credit_card,1,381.74
85242e35-2be7-43bf-8490-f0105d178eef,10,boleto,7,460.35
47b249a8-4927-4acb-bf96-ee41ef492a43,6,credit_card,8,178.8
828a9d6f-6332-4e1a-a620-8ff24f78c131,9,credit_card,7,210.33
82d51d69-5d90-4e38-8c4b-6bf38d625978,1,boleto,1,265.58
b0c4ab9d-8e65-4109-84cb-a29ae9bb75df,9,credit_card,5,271.12
c226f673-8cdc-493e-8339-d720e5a17e11,6,boleto,11,139.3
19ebae05-828a-479b-a881-ea6a7fa61369,1,boleto,10,40.22
2fbb7fdc-034c-4656-81d0-6d4a44b7db11,1,voucher,8,328.3
b0c4ab9d-8e65-4109-84cb-a29ae9bb75df,3,credit_card,5,212.35
7716e4d6-01a0-4553-bac9-6d58a4f08b55,9,boleto,2,173.62
280c3edc-ead1-4858-8842-25fcbbb4a3b9,8,voucher,5,118.44
9cab5f0d-9dae-48b3-bf68-963ebeb7eaf5,4,credit_card,7,271.56
da3a851d-5ac8-4692-908a-0e9ba4feea8d,9,voucher,5,491.47
c3aa646e-a839-49a0-83c4-b14213b3fd2c,10,voucher,4,386.99
e192cf51-5c58-47e0-a538-c23b9d7931b7,1,voucher,7,41.59
d024fe40-586c-4a90-aaa4-6001c8c69161,7,boleto,6,373.4
f2dac813-0e57-423f-9711-fb36e3e777fb,6,boleto,3,103.81
cca30fb3-3523-4329-a18b-c37c6f93e87b,10,boleto,8,23.07
46d92bae-a992-4add-976c-da1e054c2013,6,credit_card,2,97.21
64ee40ca-74ff-4fea-a68a-ddac93068d41,6,boleto,10,19.63
a0c078bf-d2d0-4b27-bdf7-4b198a616771,6,boleto,7,494.54
1adaec86-9a0d-4c6c-93dc-a961862223d6,1,credit_card,1,252.71
ec144f3b-5f95-40fd-88e6-63f9053ce3be,6,credit_card,8,274.81
ad8fe55e-1436-4ba5-b0e6-597ca67386ba,3,boleto,11,405.96
c941ab05-bb2a-411d-b1d2-928fa01f3cbc,1,boleto,4,490.63
162ab235-c024-4f5d-9ada-d8ee569a4cda,7,boleto,11,308.66
85242e35-2be7-43bf-8490-f0105d178eef,9,voucher,7,409.43
c69ad226-7b09-4ac1-9fa8-f25f411b3403,1,boleto,6,67.97
3f916cf0-b1d5-4536-8ce1-6a72673e30af,7,boleto,5,458.04
8962b350-a2ae-490f-923f-5bc5f684e2f1,9,boleto,4,440.31
8758b5f0-9ec1-4074-9b94-336cc399927b,1,voucher,3,243.06
d4599cff-a448-44e5-9916-ac97295bd528,2,credit_card,1,268.74
a7ac7c9b-a875-491f-925d-82de67913369,2,boleto,10,138.03
31d607d9-d316-4b6e-9720-3ddea1b82f40,3,boleto,9,363.25
3f5e840b-1680-4e43-8e2e-342fba6657d5,3,credit_card,8,115.69
7e423956-08fe-4941-a4f7-3912c317bea9,9,credit_card,10,344.13
9bd551c6-7163-4275-8117-eec22d0e56c8,1,boleto,1,302.72
efadfc64-db74-48a8-91e2-31258006d064,8,credit_card,4,36.62
63bbde50-d1b8-44d3-bc0d-d82f7b58af57,3,credit_card,3,54.36
0918e353-91aa-413b-9b42-a1ea5b7eaef0,2,boleto,7,454.75
8cff8205-04dd-4194-81b9-bad2b9c4f427,7,boleto,5,459.17
eb59f36c-74db-453a-88f7-ec2856fffada,6,voucher,9,295.23
15136d23-0c53-4701-8e96-baf72daaaa97,3,credit_card,1,383.88
8d4eeb22-58f6-440f-a3aa-b02086983ded,4,voucher,10,474.24
02527f99-87c8-4deb-8178-8ab79153e5e7,6,credit_card,3,72.54
3d4cc4a1-51ae-4f49-813a-9a907a64f983,2,voucher,8,84.2
f60aba28-19ad-42b0-9842-72ef17705b64,9,credit_card,3,372.41
b84749df-29d6-4840-97ed-7b0c76a8fb21,4,credit_card,10,85.54
8aa71c23-b26b-4694-970b-e49e15d654e1,3,voucher,4,351.09
4a933942-4c47-4041-a7d9-a3b545c94d02,9,voucher,5,89.68
e96b1e45-d755-4518-ac88-378665fd3a31,8,voucher,4,482.97
25e3a522-9845-4221-90da-6765132f9764,10,voucher,8,80.49
c6e5a41c-f712-403e-8f82-9478bbd05c54,1,boleto,4,311.6
7c2c273e-29b5-4c29-827a-6f85483f6708,2,voucher,9,270.28
c8eaa437-af06-4f96-831e-3a2ce21fc6e5,4,boleto,11,120.54
64c74473-ff56-46bf-b169-010d5cdb5128,1,boleto,3,143.0
c3b0ea9d-0e4c-4ce1-86f2-7418ee955981,3,voucher,5,205.76
082a1719-21d8-4765-885f-5c2f8686f792,1,voucher,4,464.15
ea6fefc2-3ab6-4279-a74a-74fac48bddf7,1,credit_card,5,422.79
42a1df75-3560-4271-a101-fd7ad3687e48,8,credit_card,3,284.33
46f6aace-c1ad-41e7-b3f2-5f3b4efd50dc,9,voucher,3,153.13
99cb98f1-797e-4e3d-8744-b84f388b18a6,10,credit_card,1,220.9
b5de2744-47fe-4e83-82a1-71068d06a08b,9,credit_card,2,427.97
65687c7f-64b9-41e5-adcf-4e76bea0dbbe,8,boleto,12,293.86
96d2977c-7347-4bda-a987-c3ab6841b4d1,3,credit_card,2,31.15
f94975ff-fb31-45e4-91c3-279053e5e131,3,boleto,7,373.75
84a56a98-e604-46e8-b65d-0c4e0d30d943,10,credit_card,1,420.11
773532bb-e590-4355-812b-b006fcbdb867,2,boleto,2,61.08
57bca2a7-c4c2-4ef3-90f9-76f9d673f23e,4,voucher,4,253.59
bd1c504c-e1dc-474e-8c1c-87201d35fe62,4,credit_card,4,329.21
de9b6128-0e84-4e87-a713-0835e6236272,5,voucher,3,251.14
af55752c-7cce-4109-9f61-25e5c03dd86e,2,boleto,12,346.92
33e43f1f-c57e-4b1b-b017-c395510301f4,1,credit_card,3,391.78
e73dda34-5159-42ca-ac4c-3bbbd078ad19,3,boleto,5,314.68
a9401ddf-3248-4062-85b4-0d60d3988af3,8,credit_card,4,264.44
3ba66c2d-6dd6-462d-83b3-fae5fa5ee827,6,voucher,5,353.1
42ff01ff-f911-4db3-90d5-0be41ce171cf,5,voucher,11,17.43
0bc5c718-ed0a-480d-b476-e8a82cec940e,6,credit_card,5,486.79
38178ca2-2d0c-4112-bfa6-969fa4cf3011,6,boleto,4,469.23
3b313213-95ca-416c-915a-7d11fe2fdb19,7,boleto,5,206.04
fe0a69a6-954d-477c-aea3-3a8ab4ffdaa6,8,boleto,3,299.72
116eb54e-0fcd-4964-bf67-489b5d8cf2da,8,boleto,12,414.84
b00548c6-a933-41e5-97de-888b32aa9f38,9,credit_card,4,294.16
85e58601-6400-4d34-8403-a32c4f11aa24,8,credit_card,7,58.65
37bdeb2a-aa2c-464b-8eb5-112608b4edbd,6,voucher,6,335.52
d28bd13a-1aa9-46dc-a7e6-bf5a8686d4da,5,boleto,10,237.15
1744b56d-d84c-404c-9f57-61921ed05a51,5,voucher,8,36.87
60dfb8b8-4812-4a9e-af09-78f2af6c9568,6,voucher,6,121.96
21696b85-c706-496d-a419-b8ede0b5c207,7,voucher,2,148.14
6146e568-a758-4657-aec9-39dd0d14283f,7,voucher,3,212.25
2ca3c73f-5e93-48db-aa6f-37e3538ed233,7,credit_card,10,377.92
4ef871d6-01d9-480f-8ea5-ad5c63394af5,6,voucher,11,196.13
fc03dba1-8391-49c4-b12f-d6b59d9e5045,10,voucher,3,438.5
5f0ab072-d23c-49ac-8c22-44643be605e0,7,boleto,9,475.21
20faa32f-4f11-4803-91f6-1ed5d1bad9ac,4,voucher,7,139.51
90ba49aa-d677-4841-9234-abfb2f4640a4,1,voucher,3,89.72
15bdf806-d38c-4ef7-96ec-361ff29a5c03,5,voucher,7,145.42
248772b3-bdb7-469b-9c37-307088d5a1b7,2,voucher,11,245.63
d5ba873a-3f0d-4b98-84df-166a3eab1087,8,boleto,10,112.98
625ad2a4-a1ad-4a08-b98d-06c487e77a8f,8,boleto,3,23.76
46bfaadf-bdd9-45cc-8b3e-f52e04ace7f1,6,boleto,10,480.66
0cb231d1-bd6d-4c60-bffc-868dc24c8376,9,credit_card,8,29.26
45e702ef-498f-4f70-92b5-1abc12e1e112,1,credit_card,2,126.41
9dd0bba0-244c-4a5f-8503-b11d782a0bca,3,credit_card,12,279.93
d69f1af5-0007-458b-8f91-20a07f2c43b9,9,credit_card,3,220.07
6146e568-a758-4657-aec9-39dd0d14283f,2,boleto,9,52.09
27b6495b-ab77-4cf0-be0f-40aaf1d9aaf5,2,boleto,3,269.59
1a1bf0d2-1906-4a52-a762-df9a236a45bb,6,credit_card,4,140.9
7e67118c-00d3-474b-97ae-c61b47a02a23,1,credit_card,7,304.38
af55752c-7cce-4109-9f61-25e5c03dd86e,1,boleto,5,225.74
e9facb46-e585-443b-a9bf-42271a7c2df3,8,voucher,8,165.07
8a690d71-08fc-478e-ab16-e9934213623d,6,credit_card,2,59.6
4bd00ab0-8c3a-4be2-84d5-5fe75a725477,6,voucher,1,28.11
8a6a032d-cabd-4a3e-815c-33ad35b8ef59,5,boleto,8,163.32
6b67713a-86d7-4ab6-897d-819f0f4b9df1,2,voucher,4,430.48
a0c078bf-d2d0-4b27-bdf7-4b198a616771,1,credit_card,7,161.33
9c628235-975b-4af9-bdc1-5967e272c356,5,voucher,8,291.07
7287c54e-de65-4cc1-912d-532eb85ce8a5,10,credit_card,5,256.74
9a72619e-4947-4372-aae4-389cc5bb2b9e,6,credit_card,10,68.05
7b5646fd-af3f-4a2a-98d8-b652edf70fe5,8,credit_card,7,181.13
6b8428aa-d8ee-4b35-8f99-806b5cc4c70b,4,voucher,3,467.06
f6818aa9-8586-4fce-8319-1fa6000b581b,2,voucher,2,138.16
015f9811-22bd-4b7c-930b-6fd005129fc2,9,boleto,7,272.88
3154e7a0-98a1-4ae7-9516-ce9cb1995dab,8,credit_card,11,451.04
55bdb0aa-c005-4e4e-82c5-fd46cd10cdd9,7,boleto,5,81.37
48c4579a-ede7-4458-afbd-02d7cc9dc72b,1,boleto,12,457.01
ed539e58-b424-488b-9485-d86c7e0eec0e,5,credit_card,1,288.53
6c71c64e-8263-4472-acba-8f4c6b9f3f80,2,credit_card,12,214.67
a8c02b6e-5b05-4b9d-b685-5233ae0d2297,10,voucher,12,208.88
78606ece-85b5-4f7a-b180-8e2445461ff7,2,credit_card,4,112.99
de9b6128-0e84-4e87-a713-0835e6236272,2,voucher,6,320.39
9c005d6b-ccb2-418f-9939-17353754c0fd,8,boleto,4,161.21
3ee75383-9e7f-422b-88db-671be9f31182,4,voucher,8,78.12
1adaec86-9a0d-4c6c-93dc-a961862223d6,9,boleto,2,113.64
16070c0f-ffaf-46b3-bf7d-fa1d107b0ed1,7,boleto,1,287.88
8aa71c23-b26b-4694-970b-e49e15d654e1,4,credit_card,2,228.6
a7ac7c9b-a875-491f-925d-82de67913369,10,boleto,12,168.7
3dc3edaf-2730-44ce-9428-77fad1460ea4,8,credit_card,8,113.17
639cc044-cf30-4995-855b-65a85bd5ed1d,3,boleto,8,286.23
33de9519-14ac-4353-a76c-6922ddf8e237,2,boleto,9,399.35
d5ba873a-3f0d-4b98-84df-166a3eab1087,10,credit_card,4,68.95
42e405c9-b8af-4212-bb7f-1d6a3890e484,3,boleto,4,211.72
9d333c9d-297e-4171-aed9-517e2c29b2a4,5,voucher,5,64.01
77dc1489-4da1-4fb5-8a6d-160f42ce79b3,6,voucher,12,228.41
0e0f1c0d-ece8-4b13-b15d-f7438395c71b,8,voucher,9,26.12
515428a1-9289-4681-b5ce-1b4366190516,5,boleto,5,295.42
78d6ffc0-9012-4d73-8f5b-5dfcb64dd1b1,6,boleto,4,491.25
f8d0d1b9-9fd7-465c-b891-82e7c80d5c46,3,voucher,3,477.28
c3330a46-5102-4c84-8c05-24c6b910e602,6,boleto,4,189.51
f7c6522f-fd24-486e-b6af-5a4b7779457f,8,voucher,10,179.12
6e6c5312-8c34-418e-abcb-02425f5be88a,4,boleto,2,151.64
c80df0fe-3079-4663-a021-3046e7fd0f16,7,credit_card,10,155.47
24c28ef9-aff5-45ea-83b5-ab05e1b03917,5,voucher,1,454.95
c8483f56-e1e5-478d-bff7-aed94f68ea2e,9,credit_card,8,324.13
7dc3a4cc-4567-46ab-a182-ff966333defb,2,boleto,7,69.28
043e5e25-50cf-4273-93d4-bc6106b1414c,3,voucher,8,315.44
64ee40ca-74ff-4fea-a68a-ddac93068d41,8,boleto,11,450.12
fdbbd113-e568-40e3-bb63-f4540599c23d,5,credit_card,11,55.47
