seller_id,seller_zip_code_prefix,seller_city,seller_state
cf36b2f2-b72e-47f2-8cdd-82706587c5c3,19038,Philadelphia,PA
704c57ca-0a28-4719-ac35-6ae16701b847,92102,San Diego,CA
9f75973f-4470-4b9c-80b7-3ed7403361d2,10053,New York,NY
78dcde0d-815d-4932-8a08-bc93c5bf709d,95177,San Jose,CA
f48a389c-4cd0-4da7-bc13-0a198d9796ac,19009,Philadelphia,PA
803b4053-9ac8-4c65-bb41-e7705b04eb68,95156,San Jose,CA
6dc87748-5e51-438d-9422-aee947816c8a,75299,Dallas,TX
911e919e-9ab9-4ffa-a48a-31c6cf2faa6c,10062,New York,NY
342bd41d-cf59-49ef-92f7-9ef1dc16d642,78268,San Antonio,TX
e8fd8e76-5174-4950-aab4-28d96ef1e472,85074,Phoenix,AZ
6b2824b4-e833-42f3-bd0e-297a21001336,77060,Houston,TX
a5957ff2-6e58-49ed-9c5f-ebbcb0fc303a,60035,Chicago,IL
aaf60136-1316-4f7f-9d77-5c7585575a2a,60005,Chicago,IL
8d06af67-99ab-490a-a682-fc714b57976d,10041,New York,NY
0ecef992-ef8b-4538-b748-685df7e7bb4d,75238,Dallas,TX
3ff0219f-d07f-48dc-9e90-3830a7a05d73,75260,Dallas,TX
f837ce10-0456-4062-a984-a3e42a33d98f,78242,San Antonio,TX
7115adda-6ed1-4fa9-bad4-9a19a50164ab,85088,Phoenix,AZ
849f99c9-dbbb-4ca6-915a-2395d0fbfd7c,19032,Philadelphia,PA
e4cc52e4-bba7-4b70-bed9-cb8bba42283e,78230,San Antonio,TX
a321bbad-07b3-47fd-aaad-42ae690d727b,95147,San Jose,CA
6be74e95-36d1-4805-9959-8974f4867800,92167,San Diego,CA
926df855-8188-47f8-b215-85167cb17405,10067,New York,NY
7aee7325-0bf6-4c7f-a0f7-7cc7afa99d79,78261,San Antonio,TX
61fe6c2b-d54d-4e8f-935b-eb66c0b67729,92178,San Diego,CA
acf476cf-08cd-48de-aa70-658175e0a8cf,92139,San Diego,CA
f556cf06-5933-43db-8498-f2a208eb36fd,60080,Chicago,IL
9bbcb891-0826-4c9a-bbfa-d8d7453d96c3,95177,San Jose,CA
0dc8d255-89d1-449c-ae46-4b548bfb3b4c,95189,San Jose,CA
a8ac4b9e-c6d6-44e9-b7be-afeeda1fd9f7,85067,Phoenix,AZ
c123e6a8-0773-4fcd-87ef-6ae67ee37780,95166,San Jose,CA
fd01015a-2e77-4473-8c8a-470917ebaacf,92181,San Diego,CA
17579962-0c9d-4009-bdd1-45a9e9b26d08,90051,Los Angeles,CA
6e54719e-d73c-41cd-809c-4bf46e59af75,77067,Houston,TX
fc352bb4-12ec-4659-a4ce-31a3bc2263c0,78227,San Antonio,TX
1bac0369-b8b1-4417-9950-0f0d2071c0d1,10026,New York,NY
ad21cc71-3a86-43a9-a7fa-da58a68aeccb,10069,New York,NY
e8b220d0-74bb-4aac-b970-8bcf3ec7df6c,60069,Chicago,IL
bbbac94b-649b-48d3-96dd-f11bc6786fe1,78262,San Antonio,TX
8cbf56f8-81f9-455e-8a35-93c8a3397b38,19092,Philadelphia,PA
4f20693d-4346-43d5-9693-6559a47411d1,90008,Los Angeles,CA
98dce6f7-6600-4d09-81d1-697b3c734203,85092,Phoenix,AZ
d9b0b1e2-c95f-46a0-a3c3-01df351b54d5,92100,San Diego,CA
afb9d986-5cef-4bec-b103-2ebd787dcde4,10016,New York,NY
11165e3c-a360-4e4d-b7e7-69b5785231cc,85000,Phoenix,AZ
d9dd4e72-6d26-44ef-8fe8-5bee8f7d342f,19075,Philadelphia,PA
96e41e2e-d685-4283-b789-4d972018dbaf,90009,Los Angeles,CA
c8df0efb-182b-4d47-a207-7335c1328fb1,10020,New York,NY
29c5e592-a172-4494-a833-5f4a04a9a25f,95132,San Jose,CA
38f33017-24dd-4576-9823-e8b8508116a4,85061,Phoenix,AZ
03741abb-76d3-47ac-9fb2-d4d5154aff0e,19012,Philadelphia,PA
fb7d063f-8c86-4fab-b65b-383ed388378e,78276,San Antonio,TX
3be9784e-496d-4961-b0b1-faccbaf368ae,92143,San Diego,CA
4550cb07-f622-4ba7-a0b6-10476d363293,92107,San Diego,CA
54eba77f-8cbe-4664-93ad-0f7a1baadfb2,85048,Phoenix,AZ
b9a15458-af46-4b88-b15f-f2074bd05721,90058,Los Angeles,CA
2c9d8219-ced0-4630-a7e5-3212cd5b8bd8,19025,Philadelphia,PA
5213af99-7eeb-4196-af41-01ceb8ddff80,60012,Chicago,IL
be190bb9-a7bd-405b-968c-a05790ead813,10079,New York,NY
c6fee084-91f7-4a7d-a573-a78401daaadf,92129,San Diego,CA
bb8aa05b-91a6-4287-b3a9-8526d0455e71,95138,San Jose,CA
2e4b31d7-3956-4e72-b222-0f7f17700197,75279,Dallas,TX
8ca53343-953e-4a58-81aa-2bb27372aafe,92120,San Diego,CA
9366b0b7-fc26-437a-8014-e4d7c2cb8ef9,95111,San Jose,CA
d44b5aea-cbba-46f7-8157-416495b7d598,90014,Los Angeles,CA
478079e7-6876-42d5-b5a3-9c49c861744d,78220,San Antonio,TX
c7e5ecb9-70d1-4ecc-a4e0-634d6c22a50b,95116,San Jose,CA
7786a154-2957-4c16-842b-e6bd7bba9f51,85087,Phoenix,AZ
e0cc7a94-74d0-453c-8b93-d49c70883570,95182,San Jose,CA
069af5ec-356a-48ab-b003-aad7b713a124,60065,Chicago,IL
2136e2bb-83c5-4091-a129-ccb65b46646a,92110,San Diego,CA
7afed6f5-ab8b-47cd-94a7-4955afd9b712,85011,Phoenix,AZ
c4a5b06b-b40a-46bb-be36-35f35285daf8,60056,Chicago,IL
a9e3ddc2-b503-472e-bd98-1969ddb2e8cb,19072,Philadelphia,PA
0f61e8d4-370c-4b42-a1c2-b89e4e36e67d,85055,Phoenix,AZ
f77e14a7-e3ed-4093-ac51-2ff4a81b38a2,60043,Chicago,IL
e400a965-eca5-4e00-a679-f7e2e1790cef,78216,San Antonio,TX
47cf60a0-72f6-4353-b214-d42ddbd22400,10016,New York,NY
de7598d0-80ef-438f-9f4d-81e2d7fa41b8,85059,Phoenix,AZ
d2ca146f-2765-445d-b5d5-f0efc941d2b4,77003,Houston,TX
dc3644d4-639f-4618-96d5-9bc41a68865e,90083,Los Angeles,CA
441ec57b-6d30-41ec-b671-dcc9600255c2,85093,Phoenix,AZ
f013e7bf-39cc-4c6b-a34a-b567676aea5d,78230,San Antonio,TX
0eb01978-e262-4255-916f-82d5c8952ff8,95143,San Jose,CA
3c92e2e9-2f0d-4483-91e3-f1c2b9e25f8b,95105,San Jose,CA
714d3e0d-3b6e-4da2-be30-3d0737a4e256,60089,Chicago,IL
80eb35cb-0de3-4be9-9ecd-8b3cc1da1048,85063,Phoenix,AZ
7cf21c67-5fc7-4d76-8f1a-2087d54f0f27,10073,New York,NY
a68b458f-6620-45b3-aa9c-a24ab37fba29,10028,New York,NY
83ca89af-56a8-4e45-aad7-03c1c3527092,95156,San Jose,CA
92112663-c439-4f43-9410-5c8a106d25d1,77063,Houston,TX
f6caab87-c403-4f0e-8083-c48153611fb4,85041,Phoenix,AZ
4ac6d138-e69a-42c1-8a31-f642b6a72ad5,77089,Houston,TX
e72c7088-19e2-44e9-9f78-921d95a1f30c,92188,San Diego,CA
7be681fd-75f3-4cc4-a966-c904ba980a1b,10091,New York,NY
ea20ed4c-0e99-4a12-98a9-edb14b44803b,75288,Dallas,TX
27ec71ce-8dc1-490b-a764-0e04790bf750,95103,San Jose,CA
36f91317-a0f2-4a54-83ab-02fe263cfb49,90010,Los Angeles,CA
90ccd7a4-fd75-411a-8468-de81f9661239,78230,San Antonio,TX
d8ce6d20-9ca0-4f9e-a793-a8ca5b5672d9,92100,San Diego,CA
403e881c-7074-46ba-b2f7-b47dcdca00e1,78236,San Antonio,TX
8f88d482-6c64-45bd-be54-e84904106ce8,19052,Philadelphia,PA
226bc40c-4f3b-4ff5-9200-f01c0dfab92c,75296,Dallas,TX
6d1103e7-373d-4a60-b166-1762bd132591,92127,San Diego,CA
7ae60f70-8578-4afe-be91-a8b945f93215,19055,Philadelphia,PA
ae88cdff-ab2b-4a83-a97e-a7f8f12ef4aa,19011,Philadelphia,PA
62b66b69-b16a-4cc5-824e-ff83f8da7e19,19009,Philadelphia,PA
4d24d0ef-04b3-40f3-900a-caaabc1a2398,75217,Dallas,TX
d586249f-03a3-4d21-90b4-92a58a086e6a,77036,Houston,TX
10d38214-5bcf-4471-837c-7563c15c2b88,19005,Philadelphia,PA
6860b984-bca6-4b66-b081-071f20a8e768,19085,Philadelphia,PA
9353d663-3a7f-401b-9dba-c89d8de76416,90083,Los Angeles,CA
ed656ab5-8513-4ecd-9fa8-3fb791402a5e,10086,New York,NY
61d910a1-e154-4aaa-9f88-0c292626be2a,95143,San Jose,CA
e1a433f1-bbe3-465c-87e1-60e2a9299a26,90021,Los Angeles,CA
f9b6dd61-8fc9-41fe-ba80-ce7e4ca0b2f1,78222,San Antonio,TX
b851687d-e132-4740-9d45-472ca2ea8be9,85093,Phoenix,AZ
8e4bc5ac-e11c-409c-8167-a27a8e1e9e52,10034,New York,NY
b53a5c9c-cbee-4984-b119-32b79dc72bd1,90098,Los Angeles,CA
115ce49c-84d9-44db-962d-36ef6b13767b,78202,San Antonio,TX
438ce85b-6452-44ba-8913-f70d196f3bae,60078,Chicago,IL
3cd4542f-5a35-4c9f-96b5-557e717a90eb,10066,New York,NY
0adcae34-3e63-4a9e-be2f-a00eb4b0573e,60010,Chicago,IL
c8caf69e-03c6-49b6-bbb7-8985ee4bff68,75213,Dallas,TX
a07c99c8-7189-471e-af2c-62196a698bbd,85087,Phoenix,AZ
b9b5de2f-93a4-40f5-9740-f32c64611ab3,75265,Dallas,TX
cdd264bb-8187-45d3-933b-abddbcb581af,10056,New York,NY
32bd3f4a-c8f7-4fe3-babb-5a1139bf55bc,60093,Chicago,IL
b3416c0e-c70f-475f-8cb2-0ef6baa1b1f3,10093,New York,NY
077c281a-9528-4d9f-9ea9-8c1688239965,75285,Dallas,TX
0afc7031-3daa-4afd-9f2a-2d893c9d7c16,95185,San Jose,CA
8c9a264f-4657-4cb6-bcfa-1e059ec2a895,60096,Chicago,IL
cee3f597-1224-4d60-a9cd-f7b3f2265f5a,19032,Philadelphia,PA
70175977-f22c-4ec6-83e1-cead3b65b31c,19076,Philadelphia,PA
705831a5-5c64-4bd2-9926-e79bf994f606,92151,San Diego,CA
013266f7-a749-471e-b04c-d11e74aba04c,77061,Houston,TX
f173eeac-cfd9-4060-b047-f1f01e825093,85095,Phoenix,AZ
b7b802af-5468-4555-b7bd-4ff66057e0e9,19030,Philadelphia,PA
e9826407-7c57-4ec8-a924-802c595e0a86,78200,San Antonio,TX
fa61f227-1e6d-4dab-a7ca-d13b8183a563,78202,San Antonio,TX
be9564e4-36dd-45d5-a8fc-3b5becbf193f,78269,San Antonio,TX
5ea36140-dc2d-4f44-92ca-73311e7a0508,60015,Chicago,IL
0686bb8d-70ed-445a-9822-fc926a21c177,92185,San Diego,CA
63996703-9a18-498b-8ad3-d2aba2da523f,60015,Chicago,IL
b712f93c-4f97-4562-bb45-e8cba4042ae7,95189,San Jose,CA
b11f2219-def7-4359-9df3-ca7264c27239,10004,New York,NY
45ab8034-f09c-440a-a16f-7a00b34a44fe,78208,San Antonio,TX
03ab4937-174d-4c5d-9ffb-deeaeff08356,85059,Phoenix,AZ
17b832b8-7b22-47da-a723-8227a8b7e7fe,90015,Los Angeles,CA
90f1df9d-27f5-4f36-945b-85b2707acac2,60007,Chicago,IL
f83f868c-0f13-431c-9746-583baa6cc090,78223,San Antonio,TX
76523d58-3bca-4b7a-98aa-d88597f5e3ac,90097,Los Angeles,CA
2cd41afe-e2f1-47c3-b609-656ae5ba03a6,85031,Phoenix,AZ
73b571bc-ccbd-450d-80f0-07cddf804aab,85065,Phoenix,AZ
98b3cbda-8f00-4c71-8d9d-7a417a4d9147,75220,Dallas,TX
8e3eed43-d823-43a1-a7bf-9dc20c328a05,95120,San Jose,CA
15e21f9a-b41a-4741-8b41-313746bfda81,77063,Houston,TX
fa8310ca-614e-4fa5-9e19-589c3b58d4e9,92139,San Diego,CA
663bebfd-559e-4662-a14f-21c6a7a8d58d,10006,New York,NY
7ace39e8-8957-4b06-9b00-58fc79a57f87,19013,Philadelphia,PA
3b033680-f86e-49a4-9aed-28f0ce652597,60029,Chicago,IL
f70ed70e-2003-438c-9d8c-19828944bbd8,77053,Houston,TX
f1b2e802-96f7-4a4f-b0a1-76b86f1b8f7b,75208,Dallas,TX
f6893ecc-18a7-49ff-b5af-46d15fd29736,78254,San Antonio,TX
dfa1d7e2-5dc9-4d71-b750-e5be35f18b11,95117,San Jose,CA
760218ef-4a73-4b6b-9eb1-6ba3962f3c98,85048,Phoenix,AZ
0826dc93-5694-40ca-8098-716475812894,85084,Phoenix,AZ
6741a59d-8a43-4602-b15b-88e0b032661f,78223,San Antonio,TX
7c12e9a9-133e-4bb8-b3b6-ecc2fb1dba0a,92101,San Diego,CA
ac3e4122-5373-421e-9f36-8418b0517b12,78213,San Antonio,TX
581f9dae-690e-4172-9ba5-f6fcd1c9b176,92131,San Diego,CA
d6c550f7-ac60-4421-8dae-4644ae77a7a1,77020,Houston,TX
5a8a3fcd-22ee-47d4-890e-542fc73703cc,19030,Philadelphia,PA
fde1ed3a-c748-4475-92e8-0f394de26d30,92125,San Diego,CA
8e667e65-dac0-454f-ba5b-7734e7e76340,19055,Philadelphia,PA
f74f7516-2a3c-4ebb-a63a-7a1fb2601dbe,92129,San Diego,CA
4e232782-e289-4bc5-a1bc-1f10911e7a8f,78201,San Antonio,TX
795247ed-8b80-4944-854d-fc2289d48974,90035,Los Angeles,CA
21ac90dc-f16f-4481-bce7-5afc7b21fe91,95129,San Jose,CA
30c30eab-c4fa-404b-a445-41447fc929b4,92162,San Diego,CA
3b2afb82-baa7-45c5-a2bf-928a2251df45,10077,New York,NY
0417fe8a-15f8-4097-8360-f4e91b2d15a4,95134,San Jose,CA
fdc68dbe-eaa0-4218-8703-be60da863e06,78269,San Antonio,TX
b9215180-9b2c-4b33-84d7-9f686cb9506e,10034,New York,NY
2ce17962-7a9d-418f-b5c2-fb5f6b8bc072,85093,Phoenix,AZ
4fd4820d-0828-4a07-b217-6e349f66c45a,19010,Philadelphia,PA
71af9227-5c3b-499c-bcfe-7b2950e07b08,60027,Chicago,IL
cf4595c4-96c5-40e9-9b45-f52a2a7af343,10013,New York,NY
97fcc71f-afb3-4515-931e-69f2548bef15,90044,Los Angeles,CA
9da94ab0-d56b-409b-967b-de0cc5a0d58d,19031,Philadelphia,PA
1c78a60a-520d-42e4-bada-7e81e48a66ff,19059,Philadelphia,PA
f57a21a4-0c83-4f84-ac6f-d5b349a69ca6,92138,San Diego,CA
1fc0ec59-8de1-476d-a5d5-89add6365059,77003,Houston,TX
21a1706a-94c7-4c6a-8383-24c70b28b29d,92177,San Diego,CA
32e45ec8-a959-4af0-966f-d4c0e57b729d,19028,Philadelphia,PA
eccb4d77-f7de-43fb-8abd-692c55bd417f,77013,Houston,TX
228ca132-2535-4cf2-8a42-d8fd3b5268ce,78278,San Antonio,TX
f7097385-a7da-4e35-a09d-21bf2bdb94c6,95152,San Jose,CA
a80ead39-ac08-4940-a30b-8690354d7442,75298,Dallas,TX
3486789a-3995-45f9-901c-9a73e6964cba,10032,New York,NY
a331cf39-6639-4a72-a891-a7bd4f2769b3,10050,New York,NY
45c18973-275b-4cb6-8a2e-42f3a34b53ba,60001,Chicago,IL
d02cda6d-1051-4ba8-8463-ea72224f0523,92128,San Diego,CA
c6311353-7c8c-4abe-a684-1bc0849430e0,60022,Chicago,IL
992932cf-9c96-41be-b9d9-89d26d5ca3d2,95165,San Jose,CA
da034ce4-271b-4f4f-b517-3488c8d01727,95152,San Jose,CA
24b5e111-cd5b-4256-b34d-40a45590bd55,19019,Philadelphia,PA
8157dfe2-dfec-459d-942c-5297cff0a4b6,60053,Chicago,IL
a2f6e2bf-3aea-4302-8364-5d65af2e63a9,90059,Los Angeles,CA
4f1daa84-69ae-4034-990c-fc384603aea2,78285,San Antonio,TX
ee117d7e-9df2-450b-ad5a-f6cf3458eda4,85070,Phoenix,AZ
23028f46-b778-426f-bc5a-ba62d6410bd7,90040,Los Angeles,CA
1e9635f3-38c8-4b96-ad84-90aff41da973,78266,San Antonio,TX
5e5b643a-cddb-42e6-b6b3-b1d2bbde14b8,95102,San Jose,CA
d705c472-ab49-40fa-9dd8-fa1eb5339049,92135,San Diego,CA
2245c7f3-125a-4c3b-ba54-6f073688a143,75231,Dallas,TX
62415ec9-8514-451d-ba8d-6d40ea56b080,90001,Los Angeles,CA
5e67bd02-1d81-4c90-9435-82bf36324fc0,77009,Houston,TX
2946bdaf-5190-4b18-ab9b-67e8744500a9,78277,San Antonio,TX
79398268-1220-4c85-8487-b2441cf837a5,77020,Houston,TX
accc1d0a-b791-454b-86a2-cec7d638bc50,95158,San Jose,CA
b486a62b-9ca1-4228-a364-e3b6e7685e89,85053,Phoenix,AZ
30963584-95e9-4a36-9ecf-eb8deeab9173,85009,Phoenix,AZ
f791a3cb-80cb-41fe-b65e-3b7db612f093,95144,San Jose,CA
10fa1d49-3e7c-4787-9555-a129e12487eb,75248,Dallas,TX
468c003f-7bb9-4f1c-bbcc-1489c695342c,10043,New York,NY
b8e69a3f-0653-450a-8b31-5b460413cf53,10049,New York,NY
47b033c6-95d0-4a1d-8a34-52680e62ee91,10092,New York,NY
5b899b5a-1ce4-4dd5-b300-29021224ec51,92161,San Diego,CA
20fabcdd-4672-43e6-80e0-60b39b9dd2dd,19032,Philadelphia,PA
5a5f3c83-498b-4189-a979-60691e8efc70,92159,San Diego,CA
b8ce4320-2b35-428f-9d45-4779f5272d59,90046,Los Angeles,CA
5b7bb1b2-63e0-4832-8bc1-9be32a899a33,90049,Los Angeles,CA
c33ecfc9-b27e-4f0c-be94-697de3660973,77041,Houston,TX
b7d9f244-4156-42b1-ba86-3887f6fd0829,60012,Chicago,IL
ea627128-132f-451a-bd75-772fa1b44802,75226,Dallas,TX
9dcacf64-aaeb-47e1-bff4-e7dfc031c78f,90020,Los Angeles,CA
dabdae4b-186c-4567-a14b-ff266ddf0338,75227,Dallas,TX
72bc9b7e-9efd-4e17-8e99-6e5042f0da11,95107,San Jose,CA
de6d782d-7775-4018-9837-447d3c99d1ee,75252,Dallas,TX
ad229940-9063-4bca-b59c-7b86db01e875,78217,San Antonio,TX
9fe3cc6c-afcc-466b-adf9-2430b2148eeb,60026,Chicago,IL
54243108-909f-47eb-965e-c44b4699226b,60010,Chicago,IL
e86ebabb-14e1-4c69-8046-02b13165b8a8,95156,San Jose,CA
4cf3a019-f00c-4162-863b-2b53645f4a2b,10081,New York,NY
b3b66ec6-677c-485d-ab95-d65c6148b8a2,77018,Houston,TX
58b6015d-af70-4414-89d4-b32a52607572,92194,San Diego,CA
96e19033-2362-4919-85fa-0be60f278030,78241,San Antonio,TX
4a912250-2c79-4ad6-9648-d77b6d8010e3,19017,Philadelphia,PA
9d7cb96a-c82c-47e3-949f-d52360223303,95140,San Jose,CA
1032074b-cc4e-4244-9102-a5e4a621cadf,10050,New York,NY
4d7a5c1a-e231-4e3e-884d-5cf61af71a36,10059,New York,NY
f763a296-d203-48b8-8c49-ec30244e319e,78241,San Antonio,TX
2f4c22c3-46b7-4ea3-9965-871caee780ef,77073,Houston,TX
a449489a-7cad-4e2f-952a-73f99001d883,78268,San Antonio,TX
cb365a04-ff23-4d31-83a2-af26a345d223,90074,Los Angeles,CA
fe15fc05-12db-48e6-89de-e1de62eb4cb0,92166,San Diego,CA
cb2f978a-aa6c-465f-a3b5-1aaa5d8d96e9,60029,Chicago,IL
205c7cfd-650a-44d6-8bfd-8805cf723228,78207,San Antonio,TX
bd80af0a-076b-4801-a748-6111d193fdbf,90054,Los Angeles,CA
12397395-d763-4b91-b860-3a0f5b1bfca5,19001,Philadelphia,PA
14476996-3679-4fb4-9746-7b3bef7fb9d8,90064,Los Angeles,CA
991232c5-057e-459e-9870-672ac99007c6,19071,Philadelphia,PA
92c4e1ab-a160-4fb0-8d5f-fedf473b111a,77089,Houston,TX
3b27e1fa-0950-4714-abb5-0f76fd36bcfe,90067,Los Angeles,CA
c40451eb-fa80-425a-a80d-62cadc780159,92107,San Diego,CA
a5829803-53bc-4463-90e7-7473687abfe5,78242,San Antonio,TX
ae193331-5cba-47e3-b439-70d8d0f02c27,75243,Dallas,TX
53bb33a9-19af-4c91-9e09-be08e49b882c,92184,San Diego,CA
c890dba9-41fd-4ee7-88e3-66b88645138f,77091,Houston,TX
244122af-c609-45e3-9875-792f6708cd97,92161,San Diego,CA
6019dd4b-c369-4a02-b8d7-a397f9f95baa,92139,San Diego,CA
05b4a81f-ea8e-4f9a-844a-0557bf2947d8,19024,Philadelphia,PA
e78b8311-3fcd-4e8a-bc32-6936f601c9d4,78251,San Antonio,TX
5770bfd9-5390-40ff-86b7-ce8cfa3c1545,10090,New York,NY
34747b5b-e63a-4e7a-beca-f2d077b91eb9,10082,New York,NY
699f520d-f4ab-4cbf-b33c-1b93e5028e67,92156,San Diego,CA
dda397cc-690a-4d71-afc2-7635dc956d1e,10022,New York,NY
0eeeb7ce-f20f-4b11-935f-9697dc3f32df,85008,Phoenix,AZ
f3898c2a-5549-468b-aacd-efa014b1b421,85024,Phoenix,AZ
7f5113b5-c857-4bfc-8eb2-cc2ef09ab08f,92187,San Diego,CA
595d8cff-92c3-43a1-b27d-721255077e87,90046,Los Angeles,CA
9e694002-e8fb-4527-b76e-80176991f8e3,92199,San Diego,CA
34ede13f-252e-4d5f-a6d9-925b124a08d9,60019,Chicago,IL
c4c401d8-6a30-40bb-8d61-ee965387e768,85085,Phoenix,AZ
29f1a675-5d33-4189-a43e-0566b554ea40,19013,Philadelphia,PA
085150c5-1183-4b1f-8470-2c53781604c6,60058,Chicago,IL
37c77f8a-f706-4592-ad19-c4b0b1c6a1bf,10063,New York,NY
f3cfb272-5f8d-4e0e-a41d-43a9b7c7081f,10033,New York,NY
ea32aba0-44a6-4ddf-9193-22b0fb386f9e,90089,Los Angeles,CA
339c09ee-6c92-4b76-9f3a-a90622e64892,78241,San Antonio,TX
d3ec913c-ceba-41f9-b9ee-658aa6a86e86,78250,San Antonio,TX
63789625-e3dc-46b1-b972-0bc0bf645fc2,60017,Chicago,IL
6fb78efd-f7fb-4cb8-8831-ba74868ca6dc,10097,New York,NY
590d6ce5-652d-4286-b419-17ae0f123d26,75211,Dallas,TX
81b531ae-8fef-4490-9ddd-d6bd5a7614b6,77069,Houston,TX
ec3bcf09-faf4-4ca1-9635-a93a54e5701d,92138,San Diego,CA
b44270da-44b7-47b9-9130-e0a884b24a25,85083,Phoenix,AZ
fd8b364d-a45f-4d58-919d-463e59ec9c10,19017,Philadelphia,PA
ab22bc30-b5d1-4026-9c2f-7b619fba9fd7,77050,Houston,TX
9bb95762-d403-4814-9412-1f009b90957c,78200,San Antonio,TX
1c0010ac-1533-49c3-821a-a235ab09496b,10029,New York,NY
1c30889c-4d20-4049-ad4e-f6bb67808670,77034,Houston,TX
d388ab3d-4678-47c9-abca-95a59b389a95,92148,San Diego,CA
52a6dc41-4ab4-401e-a81a-1f2041c0d799,75254,Dallas,TX
97e9a3a2-cc7f-49a3-abc2-1ca273ada405,10052,New York,NY
80f35b11-4ce6-4e05-b4e2-33629e97a423,19034,Philadelphia,PA
adf19f29-9867-4cb0-890a-a1252ae316d2,77089,Houston,TX
97303440-40c9-43da-84ba-f5f079086ada,95150,San Jose,CA
0d1852b4-a757-447d-81fa-acdd30630714,85099,Phoenix,AZ
b898980a-0089-4b69-a763-4f8370842b91,60091,Chicago,IL
2edf0544-2193-4aac-921b-0e24714148dd,60093,Chicago,IL
7e4570b1-4951-459c-9a92-4e6efe1128c2,92108,San Diego,CA
8c310c6b-5ef5-496f-8de8-4952fe9c4a9a,92112,San Diego,CA
dd283e99-d434-42a5-8431-fa1b8e97ccb5,60027,Chicago,IL
eecca364-1f2b-4c3f-8df5-c3af66846007,60098,Chicago,IL
ebc68570-0a18-44d6-b623-ebf2858f9556,78291,San Antonio,TX
d0dd82be-2c78-44ea-9710-cc75a15f9931,90039,Los Angeles,CA
0eecd53c-fc76-4013-8b4c-2163e1e15f2e,77074,Houston,TX
bb8155f5-1be6-4fc7-976c-c9708138f42e,78257,San Antonio,TX
190d4f27-2da3-404a-adb8-958fb4aee643,90094,Los Angeles,CA
41f69b26-bdb9-4680-9c0b-04d709b47a12,10091,New York,NY
644dbe83-4efe-4894-b5c6-b7c41d7ed7a2,77007,Houston,TX
3491952b-440f-42e1-bae4-b6cd6bcc2876,77074,Houston,TX
a5daa6ce-4c0c-4316-98da-034f784521b1,78253,San Antonio,TX
dc52310c-3e08-476a-bfcc-3221819885ef,85061,Phoenix,AZ
6f5b94d8-c063-43bd-a7d0-59af7ee392bc,60051,Chicago,IL
912584e9-2767-4615-bee1-92bc3fd58865,19009,Philadelphia,PA
f592aa91-9373-4da3-8f36-25e0c30cb6a6,78231,San Antonio,TX
efe24d4d-cfb4-4caf-b925-63459c708ce7,90071,Los Angeles,CA
751ec40a-feae-42e0-988a-a6fcd34cc0e2,19094,Philadelphia,PA
117628e5-e8bf-4d0e-8cb8-44b9d352db84,92107,San Diego,CA
299a48a7-5fd2-4db3-b009-6c08b6d3427e,75291,Dallas,TX
32c41ab7-b038-4ca0-879c-51bc527fe6ce,10041,New York,NY
600c51e5-a459-4dc0-ac07-16d83bf525e6,92177,San Diego,CA
db9dd1cf-5f60-422d-ae1b-c29473c111b1,78286,San Antonio,TX
e8c79d65-1dbf-4df2-8d3e-5c7cfb5f42d7,10094,New York,NY
b7d802b7-7856-40b8-a2d4-b9954b68d934,85005,Phoenix,AZ
3f20319f-74fd-47f2-8cba-4993fa397478,85038,Phoenix,AZ
b57ff8a5-841d-46fa-9aa5-6197446d0fe1,77015,Houston,TX
4ba1ac99-bfd4-4527-8b74-1942add8ca31,19012,Philadelphia,PA
bacd92da-c02e-43b4-99b7-e8eeb7111c5f,19084,Philadelphia,PA
b9e959fd-4351-4d9e-b9b3-66a16f222c35,77089,Houston,TX
582cd557-563e-4469-9463-d40a9f9a6e5b,92180,San Diego,CA
bb20396c-5e6c-4aef-b6cb-ec2a5f5ea57c,78208,San Antonio,TX
81e53977-9ca3-4575-be85-1257c34ce883,10056,New York,NY
295ad5b4-b73b-43f1-bacc-696244d17dd1,95153,San Jose,CA
19f0e304-7ec8-46f5-8710-fcbe2c78c4eb,75234,Dallas,TX
e469aa7c-091d-4d44-9152-cdecbe95ccfe,92129,San Diego,CA
43ed6b13-2089-41fc-8d61-94b43435cbe3,19087,Philadelphia,PA
9c3c930e-7640-4d52-a583-898ce82cc939,78224,San Antonio,TX
ee349851-bfbd-4731-97fd-f85f7cd4359f,78220,San Antonio,TX
9017e1ae-79c6-4e0c-89ea-3c5360cea541,75247,Dallas,TX
ad288978-117f-497d-ba71-8cb48b8bfbae,75221,Dallas,TX
29f8b2df-ea7a-4204-bd68-0c91f8132080,19038,Philadelphia,PA
2c7817ad-0291-428c-a0e1-2468101209ff,95108,San Jose,CA
f7b9c8ed-24b2-47dc-a19c-b1533591a142,19008,Philadelphia,PA
e741e20d-f33e-4058-a046-a6deba433a68,75271,Dallas,TX
b25901f6-8ba9-4cfc-bc68-fc9d7dfa5d4e,92157,San Diego,CA
8782a62d-1a47-4d52-a500-a51fadda3037,75282,Dallas,TX
c13ab8d7-173b-4217-b130-2b2a07b01467,19021,Philadelphia,PA
c8a83128-d405-419c-bb1a-ebbf843791ec,90012,Los Angeles,CA
2ed86f48-d217-4873-bc64-6918b5e45a59,85027,Phoenix,AZ
aeb55298-8afe-4180-a074-5f77029e06a7,95198,San Jose,CA
de2a4292-7069-4584-9c77-56e5f818a492,92106,San Diego,CA
72a624df-7308-4aba-b0f8-1f0dcf52928a,77071,Houston,TX
376431d1-6537-41da-95c3-92150a306b37,85073,Phoenix,AZ
b2617f74-0ee9-4aa9-abe7-caab0c473dc9,10002,New York,NY
7d3855fd-92e5-4677-a73d-e2e340a1f8df,78296,San Antonio,TX
56ed42cb-1e91-4345-b0b4-6ca7eb682a7a,60027,Chicago,IL
93180bc4-0c7b-4718-8919-162f5b9f7f80,78264,San Antonio,TX
a14e531b-8800-4e38-a793-da88fe0bf961,90088,Los Angeles,CA
266e6962-8914-40fc-a435-c5abfe6d2efb,85025,Phoenix,AZ
327c849d-fea0-43ff-a418-83297a06faaf,10021,New York,NY
6bdf45ab-44df-4acd-899f-c6a1a288e38d,60030,Chicago,IL
56f7072d-ed18-49e6-918e-3ada49a39d7c,95133,San Jose,CA
8b1118a0-ca83-4bf8-b96a-e663c0b8eb7c,85041,Phoenix,AZ
3f3f27fb-1f09-4507-9088-2c3a38bb902c,75282,Dallas,TX
5ddc5e15-2fd4-4640-87a3-73ad8d39c754,92128,San Diego,CA
1de57074-8917-4d8a-aa2b-d11358c598de,92100,San Diego,CA
3c1ce187-0a03-452b-9567-aec7893462ff,85068,Phoenix,AZ
032dbd9c-6466-41bd-8011-04dd69f084bf,75285,Dallas,TX
d32bf295-9a16-4fbd-a93d-a9bd28807c9c,10010,New York,NY
4f90721d-44a7-48f9-995e-2d0b2d20c746,10016,New York,NY
6614298d-5eaf-4689-afcd-8ee7d28e4db0,95192,San Jose,CA
0e87f246-920b-4fd9-8778-b826726321d9,19087,Philadelphia,PA
ce00c17e-66a0-4c4b-829a-10bc861f8737,77071,Houston,TX
62188508-a79f-4f51-ad06-086eaffb740c,95158,San Jose,CA
bcace1b1-bf31-41d0-99b3-ef73401dd722,75275,Dallas,TX
e0a767b3-ddc4-411c-a0a4-8ac7d2117126,90012,Los Angeles,CA
81c297df-30ff-4692-8c77-386726d28203,10031,New York,NY
e9ddb53a-f1dd-41ac-a3bc-204f782827e0,95183,San Jose,CA
bf932858-0e06-4d48-b4a5-4c70b6ab952c,60033,Chicago,IL
f465eb84-447e-4eb9-942a-7fbe6dd71f89,90085,Los Angeles,CA
ef43a4a7-cdfb-49df-bd82-940949d942af,77071,Houston,TX
2b6a412c-a8c8-4dca-98bb-f473e35b6354,77041,Houston,TX
fc453304-1ebc-48d7-8efc-c3c31045d385,92114,San Diego,CA
2d8a5c1c-f09b-489d-9339-7bb5b6d84b1f,95181,San Jose,CA
3bc4be30-872f-4c21-bf39-e646124170e7,60057,Chicago,IL
2f0c67cc-c78c-4b7f-a565-5983a471680f,60008,Chicago,IL
dc49b112-9bc8-474a-a2ca-565d3557fa2f,95145,San Jose,CA
b7fa00cd-19c5-413c-b1c9-3b9cb69e3a1a,92129,San Diego,CA
aec78079-4565-470f-a9bf-eda34ab98a1c,77080,Houston,TX
12fb87f4-34f1-47e0-b50c-58291adbf513,19023,Philadelphia,PA
d5bef9ff-3afc-4d7f-ab40-906f3df9c198,19057,Philadelphia,PA
d28cc40a-0a35-4cdd-9649-7d11b1611e7a,60045,Chicago,IL
2e726c3b-7aab-4755-9ed4-e13736789db1,78246,San Antonio,TX
18ed2bad-92a0-4213-9e6c-003eb074a015,10081,New York,NY
e7cc474d-b48b-41af-98f8-59908d31fae6,19015,Philadelphia,PA
e952383f-5dd6-40ab-8429-304a460d7bbd,92172,San Diego,CA
df668ab3-dc53-418d-9c3a-fdce8fd6aeb3,95164,San Jose,CA
f531b77f-fc25-4679-a463-7080654f3e38,85036,Phoenix,AZ
46c5b00f-de0a-4800-a7fd-888fa988170f,85084,Phoenix,AZ
b91b1f2a-f972-4e9c-8d2a-6eafd00fae9f,85042,Phoenix,AZ
aaed7a00-6849-4ae6-b6f9-466f23ef6801,10096,New York,NY
a56e0922-9c4d-4f71-a7c3-d2ad3d2e7a24,19001,Philadelphia,PA
a1d08460-1a8b-494e-8591-c153cad41ec7,90080,Los Angeles,CA
cf91974e-6548-4779-8c3c-d9eb5aba6238,95178,San Jose,CA
a85c5569-a399-4055-b3c7-0f421d866b79,60041,Chicago,IL
4f0b6623-f16b-4000-987b-722fc37140a4,19025,Philadelphia,PA
bd5b690d-b809-46e8-8f23-b40d357323dc,77001,Houston,TX
e55c1330-6521-4d7d-9e9b-76bd58afce55,60032,Chicago,IL
39a18755-8131-4ce4-b50b-819e2c771930,85038,Phoenix,AZ
8bfd54a6-4aba-427b-9a60-52f26fbabdf7,85094,Phoenix,AZ
7d65e5fd-e42e-4d96-bdfb-ae6770a108cf,90030,Los Angeles,CA
863e9c54-4060-4ae6-bcd7-092d37d939d1,90040,Los Angeles,CA
200059bf-7894-41a2-bf08-16db01f9461a,77028,Houston,TX
7c1ddc03-8285-4632-9e26-b5ac6c061584,19075,Philadelphia,PA
68f98097-f476-4efe-b0d3-14f4c2783f58,95197,San Jose,CA
12fe84cc-e55d-4a9a-91fe-066324a1853e,60082,Chicago,IL
f95a05af-1185-462e-9f99-75f216b268fd,60030,Chicago,IL
6ec75477-918e-47b0-8c68-a00ad20f6c5f,90022,Los Angeles,CA
aaed0541-f728-4d93-bc17-0a322280f6d9,95189,San Jose,CA
a5e305ca-ea6b-4641-95ba-55ce57f3640b,75242,Dallas,TX
98bb1d71-d945-4a2b-a977-d2fb8774df9a,19080,Philadelphia,PA
1356c887-ddf4-48db-9991-16ba9a3b11b5,10094,New York,NY
961b9113-3679-45c8-bb66-af32b74ba28f,75207,Dallas,TX
3596c6f0-c10b-4ce2-a9d3-d5b528b17069,95169,San Jose,CA
32d9b457-3990-47ac-8e4d-e1fcdf3d9450,75241,Dallas,TX
b76c4ef5-9fe9-4c69-8e7f-32a5188e9d34,10058,New York,NY
15df6957-3238-498a-82d7-7cf898687de0,60043,Chicago,IL
655be923-1e4b-4def-bb6b-504bea5d22f9,92123,San Diego,CA
ca350c4e-7324-4de9-8cd3-10a518aac87d,85018,Phoenix,AZ
37a303bf-3da0-4557-86bf-03d7276ee302,19071,Philadelphia,PA
d413a73a-d7b3-4b1e-b6ac-32de4b3b5711,95179,San Jose,CA
7dd17fe9-5994-4097-8cac-19f7e0f5ff63,75274,Dallas,TX
1751d3c1-7204-4113-9c36-3ebb9ac3bd1e,75229,Dallas,TX
3f99ff68-d0b3-434d-a31d-edad39458a5c,95114,San Jose,CA
058b22f5-e44c-4df1-9c8f-454e42cf2228,19063,Philadelphia,PA
cbae9830-db77-4269-9352-da26ddefda09,77049,Houston,TX
d2ff5460-82de-45a4-9490-afd83bc4b100,78206,San Antonio,TX
8315bbdc-5087-4949-bb91-d521230dee18,78253,San Antonio,TX
2fc93b1c-9471-4fb0-b748-ba2c5ce00ce1,92162,San Diego,CA
9add3175-0a30-4a3c-8754-c659b0df446a,85071,Phoenix,AZ
48c36738-9dc8-4e77-82ac-d2f820a51a68,75257,Dallas,TX
ebea68dc-0073-41e0-92d9-a925aae95de7,78250,San Antonio,TX
d770851b-6af3-4281-8dea-ae4e69a59010,10023,New York,NY
53e63561-6ef8-42f4-a2b6-e8e62fd47995,75232,Dallas,TX
45aa89b4-532b-4d06-ac6d-598c0bc579b0,85024,Phoenix,AZ
6ab293ef-46cd-483e-bd90-e8f9c59de5ea,90079,Los Angeles,CA
584bcd2d-84c2-4e28-a7b4-99812d41da42,85071,Phoenix,AZ
94828ead-82f4-4886-9650-85893e496126,78283,San Antonio,TX
1c8ec874-ccfe-48c2-965e-4a438668633a,90022,Los Angeles,CA
b1cd6acf-9dbe-4a97-898b-0e6d87b88677,77087,Houston,TX
9f78509d-da34-4839-8a73-6a7919fa71d2,10048,New York,NY
7a5136ce-3b31-430d-8a6e-9ce5c1195e7f,10097,New York,NY
88a30887-693c-4373-83cf-83de5b5d0df2,92126,San Diego,CA
476d7e24-58f1-4f28-ab0c-bc33944082b7,78217,San Antonio,TX
34117acc-5674-43ef-b912-2cda24bf31e8,92194,San Diego,CA
0ec0f8aa-267b-477f-b9b8-0714e49bd0b0,95174,San Jose,CA
951248a4-1988-4e46-93b6-4e8a7c446a88,95100,San Jose,CA
59c208b8-c42e-46a1-bcb2-47bcdff2c1fc,60031,Chicago,IL
43971e28-7ff7-47ae-9d9d-6f84bedfee0a,60035,Chicago,IL
c5f3846d-1a81-48df-bc02-2d6417592e5f,77030,Houston,TX
fdbe01c3-15ea-423c-99aa-74f9a7040d5e,10000,New York,NY
334ea8fd-3b0f-4902-8e28-7298644849c1,95135,San Jose,CA
6ad96607-655b-4a3d-a604-43da053e0b3a,77016,Houston,TX
8de3d9f6-1484-4888-b0a1-b200820b5629,75204,Dallas,TX
e38accb7-6d22-45ce-9ab3-31e224a83ce5,77076,Houston,TX
97c01ca7-0186-42d2-9eac-26fc7716755c,85066,Phoenix,AZ
91331b7b-5657-40f7-b8aa-805c7d8eb664,77083,Houston,TX
b56a7358-60e2-4943-8f3d-26efa8186d6e,78262,San Antonio,TX
d7890b24-b894-4b0b-a29d-bef190bbdbed,77015,Houston,TX
490bbf86-cb57-4eb9-9530-db40227c30b5,90034,Los Angeles,CA
729e31d9-68ae-41dd-94a7-5aa031f94ed4,75286,Dallas,TX
3bfa9f7d-99c8-41a5-a5ef-f0302fa52681,77061,Houston,TX
8900d2b8-ed8b-4fae-810c-e19edaf495d5,90067,Los Angeles,CA
194afe6b-1f3a-485f-8293-b34b8caa5be6,78255,San Antonio,TX
5bf933fe-acc8-4982-9647-2547b5c8da43,60000,Chicago,IL
12ba3305-9e8c-4211-816a-53ae1d9373bf,10082,New York,NY
23a40a50-d343-4181-aee1-a79101f17b01,60068,Chicago,IL
64ad3ba7-73fd-4de7-8beb-09f66494bd33,92198,San Diego,CA
b371a9c2-918a-4550-ab28-9ce60d17b60d,78252,San Antonio,TX
4fa5ef45-0698-4ac9-8732-b6edd9fba22a,60002,Chicago,IL
8db6d9df-29ce-4806-a85f-5fe5457730b4,77041,Houston,TX
d1161448-3423-4784-9290-8c9dd8c0c442,19079,Philadelphia,PA
7729a9c6-ab97-42f6-871d-8764e88b06a1,78253,San Antonio,TX
3571d861-e695-4820-9113-7e09ac11ad0d,78238,San Antonio,TX
18c79dae-606b-4466-a5be-e32a9428093b,75273,Dallas,TX
bbb6b84b-91cd-4b9c-a9dc-a26cf5ca305e,60017,Chicago,IL
9d893e3c-c581-4352-8c75-37bb0d31a706,90081,Los Angeles,CA
2548aa18-1cb0-476a-bf69-50e25425f1c8,75234,Dallas,TX
19fe7dc9-b507-4163-bd17-906a7ba1ba2c,85063,Phoenix,AZ
efb37aa6-fc52-468a-a556-22441054a98f,92109,San Diego,CA
15ac3c02-15fd-4716-b267-5f73c0c88c93,60042,Chicago,IL
feac75f8-0e85-41e4-a40c-a0570c34839d,95173,San Jose,CA
8a326c62-d7d4-4203-b40a-c5c738f9fe1f,75295,Dallas,TX
a5729b1d-6ee2-4ef9-8e87-73915c6f3c8d,92185,San Diego,CA
693b3cd9-8e53-41c6-8220-9296cc9967a7,85009,Phoenix,AZ
8d4a3124-e12e-4f34-b994-7a23d69bcc71,92153,San Diego,CA
ae0e033b-3dd1-4107-809c-7ef8898fcf8b,78296,San Antonio,TX
2dcd5bcf-5ecb-4758-9613-456c8eddd521,10067,New York,NY
c1b9ce21-8bda-40f2-a440-daa316424592,75261,Dallas,TX
15c416cc-5e8e-4f31-b7b6-96ba59637665,10054,New York,NY
c16736d5-4486-4361-8ccb-62cad0066fe2,90034,Los Angeles,CA
d01cf701-0cb6-4e6d-8df9-421392717a80,90001,Los Angeles,CA
e6441db8-ea18-4fd6-9385-e41ac4100411,92123,San Diego,CA
f5371950-dfa2-49b9-9f85-814766b07618,90052,Los Angeles,CA
733afa61-f685-46de-98b6-3c6d85b3a922,92155,San Diego,CA
2d40c2a0-166a-4da0-b13d-396c1b239064,77042,Houston,TX
c851002c-3196-4bb2-b2b4-e455c85e3532,95178,San Jose,CA
9c7d3229-ea30-4aff-93eb-1dd792e4761c,77082,Houston,TX
63230a2f-a3c6-4b86-b322-edd965a4a7d3,95110,San Jose,CA
5943960d-953a-42ed-8725-5e941f0f5389,77007,Houston,TX
9be36605-6042-4ed5-8240-70f8c12ca6fe,10032,New York,NY
caaa2922-e32b-49af-95de-9ef7d641a396,85045,Phoenix,AZ
a4098416-7659-4b7b-8747-7f6af2c7aef2,78234,San Antonio,TX
8b6ab305-adf5-404e-ba79-c9c654db9f97,77069,Houston,TX
65b201bd-29c0-4deb-aef6-4c7c31eaf6dc,95101,San Jose,CA
e65e8fbf-5241-486e-90a4-5fe71db91eba,85001,Phoenix,AZ
0b6a69cc-cb11-4174-a3bf-181133f0ed7f,90039,Los Angeles,CA
f20f2ac2-125e-404f-92a2-566a102adcd4,60052,Chicago,IL
757206d4-391c-4afa-93bf-26fbb74d46ee,95167,San Jose,CA
56092d40-b425-487c-8028-61a58f905244,60035,Chicago,IL
e56c429b-1c53-4c12-acfe-81456d293167,75266,Dallas,TX
2b30fbde-4d4d-47d3-91c2-f7b29ed66da0,75242,Dallas,TX
fb0fa969-7ca9-4385-805d-9452d86a60e1,10041,New York,NY
5b0a5c31-3e15-4e4d-a22e-fc00157124fc,19018,Philadelphia,PA
ce81f366-1a16-4665-a4c6-ce4f470d4c40,92111,San Diego,CA
5d1e68cd-c027-4e2a-9749-7b2d836b7fb0,92116,San Diego,CA
74b2de53-48ad-4075-a63c-838a4c0e7f3e,92180,San Diego,CA
4a6c8a61-ebd2-41e5-b21f-c95d7e1ca307,95102,San Jose,CA
b312c999-950e-4726-9283-0d455672cb6c,78284,San Antonio,TX
80818a69-a104-483f-9adc-289c49d65a5f,19029,Philadelphia,PA
05106113-d5f8-466d-95cf-feae6438a087,78217,San Antonio,TX
a9eb3511-1e60-436d-894b-57027af752c9,78270,San Antonio,TX
6cd0378b-70cf-48ce-8d39-fd807b4e0e98,92124,San Diego,CA
eb09a310-22c5-4199-8e5e-c017ad7efe29,78260,San Antonio,TX
bd568bfe-f687-417d-9dd5-9c2d7f9c1436,60036,Chicago,IL
c97d3139-458e-42a5-9429-dda710073ced,95177,San Jose,CA
aee7b717-2885-44e2-a816-8ab40915dbe1,19083,Philadelphia,PA
c38d5f85-1246-460b-aae4-0bdfc9af226c,85059,Phoenix,AZ
37619e6d-e4f4-4a88-96ae-b1c70dd0a718,19013,Philadelphia,PA
0e39eb68-a435-408b-80d9-6aa56dfed1da,77031,Houston,TX
72778fde-38b9-4472-b949-90975131c000,10021,New York,NY
515f5ccf-a788-42d2-aa9f-8c2d16404a4f,85091,Phoenix,AZ
26d5d2e6-6da3-4d95-917f-015d21fbf471,95104,San Jose,CA
ca2df3a9-2b8d-467d-9a64-bf2346bdd290,60008,Chicago,IL
37b1ccc6-4d49-48f0-a43d-5d87a3794c51,78231,San Antonio,TX
f9ba987e-2d8c-4da8-8deb-f9b0b1053b4b,90078,Los Angeles,CA
76004f9e-b6cf-4f7e-b049-dd66b13d085d,19018,Philadelphia,PA
194da7b3-a7d0-43a6-9d98-d06f01827053,95144,San Jose,CA
4c3c2480-31ac-4550-b68e-758763e375f8,77014,Houston,TX
d83d0c06-04ca-4bdc-a9e6-598efc7ac4a7,60009,Chicago,IL
cbab0646-100f-4e5e-afae-06b7a2d338d9,85028,Phoenix,AZ
92ff0f67-fa09-451e-9f5b-ed5e9e2ea955,85093,Phoenix,AZ
abd5916e-9fde-448d-b013-7370310da9ad,77000,Houston,TX
09aceb93-8671-48f7-9f0f-342c42b7995d,19051,Philadelphia,PA
02fa852c-b9b8-49e1-91b0-845e645c8c7f,78242,San Antonio,TX
dc6deb13-d73b-496f-8c3c-e4732b77c531,90091,Los Angeles,CA
de2f3ac5-42a0-45b2-8c61-42965276902f,85018,Phoenix,AZ
8893d193-46a1-4483-8515-4e09618d239b,60000,Chicago,IL
ed26dab7-5462-4c12-bc06-f7de97b9a9d6,10000,New York,NY
9a379e92-d17d-40ba-a007-70683ed4a1e3,92190,San Diego,CA
692f2017-6097-4bd0-ae8b-f0832f2fac6e,90056,Los Angeles,CA
3fc21559-44b0-45ba-ad60-a1fc0540f688,95104,San Jose,CA
6bf8b895-17ca-49ac-ac17-0b1c8e2f727a,60071,Chicago,IL
7fc240f1-a84e-46c8-991c-653bb057e8c5,78286,San Antonio,TX
58f091d0-d216-41d3-b53e-720a22edea8e,75217,Dallas,TX
b9f276eb-bb9a-4b2e-83ca-7747f2ae7c34,85037,Phoenix,AZ
7e5699fd-5d27-46dc-9ce1-64d7ec453fd6,95160,San Jose,CA
4addb9ad-1530-4bf8-98be-a1a48f45d5da,60032,Chicago,IL
16d9169b-d237-4af2-beaa-cff9ae494549,92199,San Diego,CA
3506b2ab-28f8-4938-8a35-dac293be4c33,95127,San Jose,CA
6a4542ef-3e6a-455e-a642-776a7b36dcea,75296,Dallas,TX
813890b9-5870-4ec3-bae9-7d92b93cf35a,92141,San Diego,CA
03a7f0c5-390a-4fc7-95d8-79803428a185,85020,Phoenix,AZ
5e5511d8-6b65-4f4b-8d13-c6c2e9978318,60072,Chicago,IL
389f74e9-59e0-4599-a921-72a3113f12c0,95151,San Jose,CA
67d3d880-2fde-4a2f-80f5-4e1e8827a223,75286,Dallas,TX
af184a1b-cf85-4874-a24a-f3c5e0ea80f3,77058,Houston,TX
de08a259-fb03-413e-82ee-857240a0e1ec,85091,Phoenix,AZ
f7dd623c-6dbb-47e0-b2be-505badb5c4e2,10012,New York,NY
ac96fb82-0d4b-4e57-9802-a78cbdc259c6,85074,Phoenix,AZ
d55c6da6-d735-4b00-acae-fe131b978bd4,78290,San Antonio,TX
59f87fe6-7b86-42b6-9e46-5fa29fdd5022,85058,Phoenix,AZ
f745f98f-b244-4b78-a0ce-792055cfb194,75265,Dallas,TX
6cbe3f37-c248-422c-9a49-367fc41255c1,78250,San Antonio,TX
4b311b0b-a248-4dfc-ba81-b8d4a128b788,85078,Phoenix,AZ
7c45a5f8-cffb-426a-abcb-78800d160792,85019,Phoenix,AZ
2df8342b-7cb8-4805-9225-e7258077a050,85054,Phoenix,AZ
eb5d2045-34a2-4758-8dc9-e280b0e78f69,19023,Philadelphia,PA
7a8bb397-ff83-4dea-b241-561941f8d12c,78214,San Antonio,TX
5adea3f9-131a-4e6e-a194-4e8ed618a31e,10067,New York,NY
e56f85df-1a4f-4b43-89c3-c8be7956e752,60015,Chicago,IL
4d743e30-b276-49e4-b343-9f9d7f3b4a1d,77053,Houston,TX
8ad919e8-96cc-40c8-be36-65e0d2d69b7f,85043,Phoenix,AZ
d48d25c7-7e23-4ddb-b02d-b56d598b6509,85046,Phoenix,AZ
0191a6ad-8d6b-475c-b368-d3965fad581a,90007,Los Angeles,CA
2175bbf7-9c62-4868-9aab-414acc158106,19082,Philadelphia,PA
8267d430-435e-41c6-bad7-b1c3f7b5d6a5,78276,San Antonio,TX
c271d6a0-2e35-4305-94c8-9ef30d1b376b,95111,San Jose,CA
08e79c98-de01-4c6e-987c-1dd27f7681c2,77097,Houston,TX
e21ce995-1378-4db9-ba61-4b2d0c0d6d3a,92164,San Diego,CA
5c19ccc8-dffa-4353-8ef9-f03564d6b407,90037,Los Angeles,CA
d6612b55-fad3-4661-a877-f1f2a6419a96,60053,Chicago,IL
6a57cfd8-87f0-47fd-b3b2-2fa3b9fe2620,75239,Dallas,TX
d05a268c-8ad4-4deb-baa0-4e15cd629dc5,10082,New York,NY
44aba4ad-109b-4954-a25f-0947c38871bf,95122,San Jose,CA
04f801f0-57a6-44aa-bb4f-6ca003450815,77075,Houston,TX
fc8b46d1-f2b9-4d5c-bc69-a1fa82b3e65c,90040,Los Angeles,CA
ca735e7a-c402-4112-be86-4d01fdf37636,92114,San Diego,CA
942a63fd-ccdc-4c37-9208-9b2d84a68c77,92189,San Diego,CA
a6816206-8eb0-4a33-95d1-379b36fc41ca,90023,Los Angeles,CA
9c37bd85-b428-449f-8155-f668383f9ac3,78210,San Antonio,TX
ba5448a4-87c3-43c8-bcbc-1ed700ebb940,77037,Houston,TX
36746271-96c3-4716-b499-fe25cc46bca4,75291,Dallas,TX
a76ba526-6982-418b-b7b0-e1ab9f45081a,19018,Philadelphia,PA
e6de07c4-b21b-4a97-a08e-f1a80aff8907,19001,Philadelphia,PA
36283592-4e40-4937-8c49-84791d1bfbf7,78268,San Antonio,TX
cab18733-fb4d-4d01-abdb-e0d2e95621a4,95149,San Jose,CA
dc2a5858-0f6b-4773-ad36-d0c8da9e5c14,77013,Houston,TX
3a028de7-894a-451a-9d30-a45c341918a4,90090,Los Angeles,CA
f745c1f9-b317-4711-bac5-2690e9abf889,10049,New York,NY
b4807695-f05f-466d-932a-7a87718123c4,60058,Chicago,IL
b4448e21-0fbe-4723-ae9b-786499e99029,75272,Dallas,TX
5a7d9ca6-63b2-4878-8b5a-37825c9346e6,78229,San Antonio,TX
14256427-bb3a-4586-aa62-da244fca7d1d,85067,Phoenix,AZ
7d690d20-2079-438b-a4a3-4b7caf2a7ea4,95186,San Jose,CA
f7898d81-198e-487d-9ba4-7719a26e664b,90037,Los Angeles,CA
b87c9867-e2df-461a-8dfb-626636454969,10053,New York,NY
09af8af3-babe-40b8-94ce-94eb83e82aab,95171,San Jose,CA
40cbca21-4f57-445c-99cc-452910f15f15,90008,Los Angeles,CA
69167594-ae76-42d3-924f-23a7dd250e83,92133,San Diego,CA
872def68-e16a-466d-971e-84713cd95102,19008,Philadelphia,PA
6cf2c0e3-f571-479c-b056-2692cdfb7df8,77067,Houston,TX
bc3dc211-e28f-497e-b26f-83fa93019498,77021,Houston,TX
ae3557ce-ab2e-4e49-8e14-591c45f32024,78207,San Antonio,TX
e46d68a8-bdfe-4eb2-8015-3d388a1cd39b,19055,Philadelphia,PA
9d6226fe-7901-403f-bc14-e5a6c6498754,77060,Houston,TX
fa8d06f2-0a89-4764-a815-f38b51656a0f,92150,San Diego,CA
1856df77-98ad-4a6c-af92-c9034d24da73,60052,Chicago,IL
0bfe5d36-ae6d-47b8-8fc8-6bf81dec7b44,60090,Chicago,IL
894307c2-c71e-4893-84d3-0eaef571e8bf,85090,Phoenix,AZ
8b047540-0c59-4b7f-8208-12a906e554a1,60032,Chicago,IL
b53ea5a9-77e8-4aac-b52f-c55b018a50f6,95115,San Jose,CA
7b18ef1c-d454-478a-9aa4-d2eaa8e72b98,77093,Houston,TX
b054b83c-9fa9-4a8f-a79c-be1b0f6cbcd3,85058,Phoenix,AZ
52a8a44d-be17-4d17-9950-5c70a07a8474,90015,Los Angeles,CA
d58f8f86-ef21-403b-a94f-dad66a7076f3,78275,San Antonio,TX
749dd777-cf82-4536-a935-1a7634dfc1ad,60087,Chicago,IL
a8110baf-a9cb-437d-b92f-78a19cb41f94,85020,Phoenix,AZ
d6a6c9a1-6972-4e71-9af2-dd0baad2d249,78265,San Antonio,TX
fd8946ea-2768-4804-a668-5b0b3ca71cf1,75255,Dallas,TX
9a465717-c33a-4af5-a524-0cf15a0e3ec9,78285,San Antonio,TX
0a5f6bb4-d1dc-4ecf-9507-95566c37d8d6,10021,New York,NY
43a9f581-5664-47e9-93d2-bad22118cdf9,77082,Houston,TX
0e5e5252-34f1-4e78-b8e4-3836e970c9f9,77074,Houston,TX
7176d7da-6aee-4725-af7d-aa8246eee62f,95182,San Jose,CA
02d4a3a1-c3ba-4fea-bd37-4718fb94e726,75243,Dallas,TX
0c1c6888-080b-4bac-a05d-636afb25e3f0,90020,Los Angeles,CA
59b2a852-bc10-4011-a167-8db6d24df519,10048,New York,NY
711a2fbb-c2b3-4ab4-aa56-ace2cb3e697c,19061,Philadelphia,PA
423005d1-8a41-4c9f-ada3-6ee0ff3d3fa9,10017,New York,NY
4d0bf06a-8561-41b0-a1ba-a9a9f77bd0a7,10052,New York,NY
78c78dd5-2110-4fba-a642-601db22c20cd,75234,Dallas,TX
5a7215a5-ef9b-4e9b-8024-3b4f39304027,78285,San Antonio,TX
c6b0cd25-053e-40fa-82cf-ddb4c8049630,10031,New York,NY
dbefa1e8-dacd-4698-b906-c4c616ae6f3e,92149,San Diego,CA
2ac90566-5a10-4f4b-9982-ca60864584f3,90023,Los Angeles,CA
4680066d-cfc8-4165-93b9-7fbbccf2d6bc,95174,San Jose,CA
b42ab8e6-993c-42d9-9420-084de7f99abd,75215,Dallas,TX
951df8c0-ed4d-411f-a6e9-6c5981a3ffee,19098,Philadelphia,PA
98ed1ec6-cb5a-4a30-8cd0-9e42d2ef807e,60081,Chicago,IL
0d68ca9f-bdcb-4113-ac2d-8950cd6556a0,60081,Chicago,IL
53abe980-14b1-4592-ace9-08270a1db0e6,60019,Chicago,IL
cc44607d-893a-42c9-9322-a7cabb60fb82,92116,San Diego,CA
bc184d1f-d1c5-4c4a-b13a-d15cc1b8d3f3,95126,San Jose,CA
ba777711-89e8-4879-a3fb-f4a60f139a4c,60074,Chicago,IL
1c454137-1cba-4e93-b063-4fc0060626b2,90049,Los Angeles,CA
67219922-3349-4d1b-88dc-edce77e67615,19087,Philadelphia,PA
ac48f1d6-9282-4512-892b-d3af6acc172f,85060,Phoenix,AZ
faec2f63-c304-4f22-b422-247b0e589900,60081,Chicago,IL
be063e6c-39b0-4d53-8520-fcf7324613c5,85083,Phoenix,AZ
41bd9b1e-a072-4325-b85b-50f7ebe0951c,95125,San Jose,CA
5d6821d2-74a2-4ab3-aeb8-753484d0d058,85062,Phoenix,AZ
c184eeb7-a1a2-452f-82f9-b23f6ee0d3f7,60007,Chicago,IL
213c5e36-2064-4dbc-a11a-38acd2a88ab9,78282,San Antonio,TX
abfd8ace-75db-4d07-bd41-f811a00453a6,95128,San Jose,CA
d4993114-b1ff-4bb4-a018-28e031909ca3,85087,Phoenix,AZ
3271d43f-aee5-4e99-bcba-db21149a9fda,60036,Chicago,IL
5f5a815d-0f48-4d3b-b0a9-51b540f821d6,95100,San Jose,CA
e3d85f39-02a5-4c8f-9b1b-20c7ca68c0a6,78256,San Antonio,TX
5456264a-45f4-470b-bdf6-9e8fa941f075,92125,San Diego,CA
a6d53f1a-bfb1-4bdb-af53-2d56ae575a94,90033,Los Angeles,CA
0fd3824b-faa1-4384-8732-9a8cb832c321,77018,Houston,TX
4ec8db25-0553-495e-ade8-170145c9cef6,85043,Phoenix,AZ
580874d1-a346-4d84-8fa9-1df348c2ce5d,60037,Chicago,IL
effab46a-3dd3-41a8-9f0a-69a20b7a788d,92166,San Diego,CA
6b7db4b2-fe22-43f8-a1ca-f67ee0ca49cb,77031,Houston,TX
db5291b0-ce8d-4fe3-a622-49e38538a0c0,92141,San Diego,CA
a469f30b-1c2b-48f4-9290-e0d0c78bbc58,19063,Philadelphia,PA
6fcbf8d6-ee49-4a66-aef0-c6f74a5a4919,10038,New York,NY
77212d74-f79b-4692-ab41-e8363dd34329,78228,San Antonio,TX
1756c71b-d9e9-4070-9c28-5057b6988dae,90027,Los Angeles,CA
8c3ea2a6-71c7-4b7a-b587-def321ccfb25,77075,Houston,TX
975e24b3-cec0-4734-a258-5e3be776be27,77011,Houston,TX
26ae043d-44f8-4307-abe8-83761fb9ced7,10062,New York,NY
0e86b4bd-6f2c-4188-b2fd-5faf4b25c991,95124,San Jose,CA
d9615169-3fdf-4ef6-bdef-2f188faa0c82,75276,Dallas,TX
bd562589-fca8-4651-8aac-cee2905ee461,90070,Los Angeles,CA
f30105f3-5e17-4c59-82d1-376f17527f45,75270,Dallas,TX
72084324-a58f-47d8-99dc-f1add42fd461,78200,San Antonio,TX
a53e986f-2779-4a37-aed1-a6a85ebe6a03,95129,San Jose,CA
4ef2a7da-623b-456a-b130-d19f9017ae61,75289,Dallas,TX
452becba-2265-4850-bca1-3255958b92ed,85048,Phoenix,AZ
69d1e62f-fd17-4a1e-8806-ecc8b46e3432,77033,Houston,TX
58f0ad2c-9abe-4feb-a56f-c3dad73de69d,75235,Dallas,TX
c1d4dcdc-3751-4885-b199-77a82969fad2,95182,San Jose,CA
7c9e2fa6-9581-4f0d-9307-22d8867b8c1b,92198,San Diego,CA
0f86ae3c-c829-4d73-bdcb-24abc56d5362,75246,Dallas,TX
3005733f-62c7-4288-bdd4-b95c75771919,92144,San Diego,CA
9eeb1d30-48a9-41f1-9a17-585bb0aee6cd,75273,Dallas,TX
04f664e5-d075-4c4a-b102-24e0307ff483,92142,San Diego,CA
b5ba96dd-7516-4ba7-aa79-53aec378bb9f,78294,San Antonio,TX
6052b034-4bf4-4a42-94b9-95a56f5094a2,95156,San Jose,CA
66a84e37-abdb-41eb-9258-a967f41bd6f2,77016,Houston,TX
e45f9f03-193a-46f2-b3f2-083ccc92b73f,90047,Los Angeles,CA
a1b82baf-8103-455a-8491-1a484496c4b7,19037,Philadelphia,PA
28e6336f-2e04-4370-9bd4-ce80dafadd59,85066,Phoenix,AZ
e556faec-9424-44a9-8848-824397618b0b,60068,Chicago,IL
774e3b30-a682-47ef-88bb-734622432853,10035,New York,NY
19f5bc3a-2c16-4978-a263-8175cede5a2a,60080,Chicago,IL
c05104cc-40e2-40d4-bc75-c9b59e727e28,77059,Houston,TX
828b5c81-6a45-4eb4-804f-f981ef5bea40,92191,San Diego,CA
abeb0e0f-533e-4e06-a87a-e235002a3014,85088,Phoenix,AZ
a2340ca8-6fda-4e93-bb47-0cbe1bda13ac,90096,Los Angeles,CA
2b14f58c-7306-4b61-9aba-6f9b3bc3175c,90009,Los Angeles,CA
6f58c709-822a-4976-a8cb-c73ffe8420c3,10011,New York,NY
334b37ac-38f3-44e5-8a65-e99c131b76bc,75212,Dallas,TX
8f262f87-9eaf-4b74-b606-417da84970d8,78223,San Antonio,TX
6eae1c69-101b-497d-b52a-a678cdb3ee98,95148,San Jose,CA
180d0c15-d2cb-46d4-886c-0f939867efe4,77044,Houston,TX
6ee8f284-7b41-4625-a19d-3990dc55dc40,78252,San Antonio,TX
282c887c-e38c-4cf1-a9fd-a485e3e0753a,19027,Philadelphia,PA
620d6773-4069-4afe-9971-350addc6071a,10058,New York,NY
58de5c94-d05f-41c7-b1b1-5319155cc501,10000,New York,NY
2f032dd0-91b5-4439-a603-ace08ead2a34,19016,Philadelphia,PA
b890db0a-f874-43d1-b09f-e96f8e87e929,77057,Houston,TX
f10ef388-fcb2-4dc6-8a62-35cb9c4556ca,19099,Philadelphia,PA
b8dc0a38-3203-4e4b-8ca6-7d68767ff273,77083,Houston,TX
21316d2c-7f30-4148-821b-b324c8ea3317,19086,Philadelphia,PA
24b8d3c7-bb68-415f-85ce-00e207a04f2e,78211,San Antonio,TX
52062dac-7879-4ff7-a4dc-39a312bde203,78221,San Antonio,TX
3b44b6a5-f38f-4c69-9ce3-cbe5c0fe948f,92174,San Diego,CA
fc66695e-067c-4f68-8914-b94166922a46,92186,San Diego,CA
508206de-df92-4656-a6d6-f14aff4c003f,75287,Dallas,TX
79221a2c-3752-4694-a03e-fa9969821af6,10010,New York,NY
6a0dc7d7-8aa6-418f-bf71-41ab845bb238,90058,Los Angeles,CA
525e0262-4798-4911-a2f5-fb96ae2869ed,90078,Los Angeles,CA
2d7f0c03-6d44-4f8b-acaf-914eb296830f,90093,Los Angeles,CA
bcc24f67-d1ee-4c43-b823-9b38502d9af7,95139,San Jose,CA
59412654-155c-49ce-92b0-33978ef19a54,19051,Philadelphia,PA
37a0956b-851c-4537-9ef6-959148098c5e,19051,Philadelphia,PA
c4b371ae-ad3d-4284-93df-898eb3e0966c,78203,San Antonio,TX
7c341acd-918f-43d4-864d-3b9e3f065d8c,78200,San Antonio,TX
8efbbb97-1263-4077-9529-a5fec59d9975,77099,Houston,TX
f037c70a-4659-4708-9de9-163baf6ecd66,90005,Los Angeles,CA
401c7936-0529-4d36-ad28-faa87da9c31c,78283,San Antonio,TX
260929ee-950f-416a-b450-be59c79498ba,75285,Dallas,TX
d39ed51b-b7c0-4cd4-9c54-22cc149f85bf,95161,San Jose,CA
091a8b30-fded-481d-b021-3579566ecbcc,77000,Houston,TX
56ab430a-b8fb-43ef-ab2d-4fd1b02e316c,95112,San Jose,CA
8a6a5d3d-12f6-453d-9f53-d11696b3c9ed,60023,Chicago,IL
9ac0ae41-c79e-4336-a455-27086cdc9009,92191,San Diego,CA
a4b2810e-8006-4ccf-b640-3f2d088d42de,60031,Chicago,IL
74a3a21d-59eb-4fac-ba30-0b6d8a1f6b2a,90071,Los Angeles,CA
47b66a99-2f3d-4714-8afb-2909e9519549,95168,San Jose,CA
369ab52e-f106-41ef-9b3f-a06c5a052f73,92126,San Diego,CA
dd49c128-f2ae-4d0b-9cca-435d53dfb241,92118,San Diego,CA
aab582c7-c3f9-4ba2-8cd6-3cd5fa36be9a,92180,San Diego,CA
8dcfb4ac-5327-4ae9-a624-30876f460023,77008,Houston,TX
1115269a-90d8-4774-a998-612c5e1dd47e,19082,Philadelphia,PA
aed82426-bbc4-4ed4-9a68-c0724a3e3d5e,19081,Philadelphia,PA
a6960521-2497-4c85-8ca7-5d97e277c543,90034,Los Angeles,CA
f150a4b8-480f-4666-8920-95cb935b1448,95131,San Jose,CA
2261ca8c-e7d1-4a35-a0de-4c6e8538efe9,75222,Dallas,TX
2c69ae86-a9ad-47e2-a844-50edf4e3480a,92149,San Diego,CA
ae049e08-7b5a-4545-ae67-450468447b4c,85004,Phoenix,AZ
545bb2c4-780a-4e45-94a0-7eff4d4a9d15,92166,San Diego,CA
5f5eccb2-8a5a-459c-8122-c2490168d00f,19093,Philadelphia,PA
eff57247-b9d4-437f-a8eb-2f2dd1393f89,10014,New York,NY
a06ef02c-b586-4e4d-add9-d96912eaca18,19080,Philadelphia,PA
7fb2dfc5-8b47-4370-a66d-46e4f6fb380f,75296,Dallas,TX
e5759ce4-4f7a-4d6b-83a6-a9df1a382614,60023,Chicago,IL
8f33fed4-6b4c-4150-95e1-486d850224e4,60091,Chicago,IL
545ed3bd-71d1-4d2a-896b-b399313252df,78296,San Antonio,TX
88e32b6e-3279-4339-84e2-cf629020f123,10041,New York,NY
bc440648-5db7-4bfd-ba5e-19b72208e14e,85073,Phoenix,AZ
1025571c-cf70-409d-b448-27dbdbdb48c0,19079,Philadelphia,PA
e7da8e35-56f4-47df-87be-c042e166d62e,75238,Dallas,TX
6be1f125-43de-41ea-aea1-56cf9dbd0540,77069,Houston,TX
18b26671-1cc7-42d4-9b48-1cf56105318b,85084,Phoenix,AZ
8c375789-aab2-4615-a1d1-35d4b1a32067,92121,San Diego,CA
c24ddad1-3aba-499e-80fb-7ea617de8308,85004,Phoenix,AZ
9f6e9db0-01dc-473a-bc2f-f3a5ba71de49,19027,Philadelphia,PA
f06e957a-e3a0-4935-a1f9-62e4a8cc8982,19050,Philadelphia,PA
3d38150e-c9fb-46f9-9040-1bcf20b49eab,90072,Los Angeles,CA
48c7342d-8e32-4db3-9413-26dab3c53e46,60017,Chicago,IL
860ff85d-12ec-4000-89a0-dcbb633b6e42,60004,Chicago,IL
157b6d9c-9dcd-4690-9981-3971a83df45e,75259,Dallas,TX
0233cad2-dcf9-4ac9-a6ba-1fb5668d291b,78202,San Antonio,TX
d1a4fd2e-e763-461f-97fb-cf9aab5f18a6,85093,Phoenix,AZ
986706c8-695e-48ff-9dd3-a171c8e6e319,92134,San Diego,CA
91acf055-33a1-4f84-b292-972a3c1f04bd,19019,Philadelphia,PA
b847a7b3-e6b0-42a9-bfc5-9ca4e42e9dae,78243,San Antonio,TX
191d19f7-874c-415e-9fd0-fbaa0e6d3fd1,85008,Phoenix,AZ
6a365a7a-0564-4675-99f8-757acd598964,92185,San Diego,CA
97f9f8ce-dfee-4487-9c40-0f1baa1f5bb4,95189,San Jose,CA
8d5f88b5-e9f6-4bbc-b641-f14197ae6f44,95184,San Jose,CA
367bce59-6363-4231-aee4-c9bb6fc112ec,85067,Phoenix,AZ
dba61b08-67b7-4114-abe7-6df54064a03b,95110,San Jose,CA
49277598-2020-43d4-ba73-1742595e560d,10000,New York,NY
d8b71f80-f74e-4bec-9a32-b0f8bd63aeff,90038,Los Angeles,CA
a7b46741-cca1-4e34-9e81-68d1d4ec1269,77056,Houston,TX
6126ac12-4106-4a37-9380-de3f2899adfe,95187,San Jose,CA
7c95e809-f043-4425-8792-7ceb8bf313c1,77025,Houston,TX
fa13e856-8d0b-4b2f-a8d5-0268ab3a78e8,77093,Houston,TX
2db69fcb-da96-4cb9-8242-93696a3baec9,78222,San Antonio,TX
86cd37f4-5b88-4ed8-9179-6a9324b545c6,85059,Phoenix,AZ
eb4663ce-dc2c-4729-896e-69ebee1de201,75212,Dallas,TX
aec23865-9659-4c97-92e1-e5b1f34e9b50,92186,San Diego,CA
d2056754-4197-4afc-96a3-daeca633b341,78227,San Antonio,TX
71ad474c-8014-48e1-ad33-628c209be870,60052,Chicago,IL
30675d05-c76c-4fb5-9086-849ad6313392,19005,Philadelphia,PA
b93feb6f-14bb-4063-8c9e-0f6e2fe38cba,92118,San Diego,CA
c6745a96-3057-4f6e-9d12-ff3f9f2d41bb,95191,San Jose,CA
e0a09c05-d71a-492d-8df7-d46c86c8e499,90081,Los Angeles,CA
d2410e7d-a6f1-4981-a282-b4d30c0c66f2,95121,San Jose,CA
2bd3a3b0-fee2-4a6f-989c-c0caa1e9e90d,60061,Chicago,IL
356eb291-d453-47f0-9efc-ef115288a7d3,90041,Los Angeles,CA
08d48d89-1582-4322-8f64-687f937efe51,10033,New York,NY
d70363d6-6509-47aa-b404-b0944b9ce8e9,10030,New York,NY
91aff7f2-86b7-4db6-9cef-a079969d378e,78213,San Antonio,TX
2e2cd860-5ee1-4a3f-b18a-706f98738bc8,95106,San Jose,CA
3f5dc74d-85ff-489c-9334-8a4e43145427,78214,San Antonio,TX
546039f8-720a-4f0e-87b3-71b76b3cbb15,92105,San Diego,CA
52172664-33af-479b-a658-f4c4f8323891,75295,Dallas,TX
2a24870a-4651-423e-a74d-0f62fbb16655,95150,San Jose,CA
abdc0b3f-43ae-4171-8e02-ddd30f31d1d1,95151,San Jose,CA
390b24a9-a16b-45c3-83f9-1496df2eca54,75291,Dallas,TX
bb7be9d3-ff98-40f1-915a-fa08ed547b65,85003,Phoenix,AZ
1b32e3fa-d8c6-4959-aa2e-4961fd92124a,75268,Dallas,TX
c01c0ee0-e93c-4ed2-9680-f455c06bac71,60033,Chicago,IL
a7ffa3bc-f8ba-42d8-8eab-745507d92be0,60053,Chicago,IL
355d98d5-0511-49ce-9c5a-1a8ed591376d,95169,San Jose,CA
2bd3c6a5-58a9-4e9f-b647-aa1be58cc7f7,78214,San Antonio,TX
aafee795-d52d-4f6b-8376-9015f0b2f1ba,95171,San Jose,CA
0b2e8037-8c9e-4e78-8d47-dd50f7636636,90069,Los Angeles,CA
76788cac-cea5-4fed-9c97-178b3682f14a,19019,Philadelphia,PA
d79fdfaa-83a1-4f46-b363-8ab14c0084b4,78285,San Antonio,TX
6fde47dd-eeb8-48f4-84bc-f2582c0a6581,19087,Philadelphia,PA
d7435986-da12-48ba-9d48-1045e5c88d00,19092,Philadelphia,PA
efc6beb8-f14b-495d-a92b-80dce570bbdb,75256,Dallas,TX
42e067bf-63c4-4a59-b0e2-9be8bcd2c79e,77061,Houston,TX
93228d61-3abf-4e7f-aa24-fafb686f343b,78229,San Antonio,TX
ec96112b-9bfd-4eb7-9e2b-16c0d80e7d18,85016,Phoenix,AZ
526d1130-0a28-4de0-9bbc-6dfae7e02f7d,90071,Los Angeles,CA
09add179-907b-4559-b8d6-c90bde6648af,92178,San Diego,CA
1d31b0de-2648-4125-9fc0-035cfa72ac30,19002,Philadelphia,PA
48eb1bdc-5954-4039-bdbe-6a196198cf50,90004,Los Angeles,CA
c8bdd127-ed39-4c32-9885-e990e0b46128,95185,San Jose,CA
1235d1d8-e140-451c-ae07-7c26d1df6171,60019,Chicago,IL
6ed80e3f-a1d9-45f7-af10-4ef04627ca0e,19065,Philadelphia,PA
fd5e1666-2bee-46fa-91e4-e0579be804cc,60070,Chicago,IL
3ca65ada-b98c-48a8-a5de-a05998c94dd6,77085,Houston,TX
3188bfc8-aaa1-4e51-b00b-a0bec7ec48e8,19015,Philadelphia,PA
641aeda0-6bb7-4d32-a5e3-ad4a0c4efe65,92199,San Diego,CA
00615474-774e-45e1-9344-37b6cb9ce481,78292,San Antonio,TX
118445b4-9048-4cb7-a3ca-fa2f3885f490,78273,San Antonio,TX
86b4dc8a-8bf4-4abb-a7a4-732f9673a2ca,90064,Los Angeles,CA
7054e2ab-ae00-4757-8079-a50019435674,77099,Houston,TX
2a804eb0-a361-433c-960b-033a621d6171,77041,Houston,TX
f441dc18-86e3-40c2-bf68-6bfe52a93bf9,95186,San Jose,CA
35231efd-ac5f-43fc-8bbf-438eb99a3ec9,92196,San Diego,CA
83cb3939-0d28-4f8b-9340-2db5d1f45784,75298,Dallas,TX
81d7f6f5-e43b-40c7-bbed-81aee4599fcd,77007,Houston,TX
3c1a6ac8-6844-47ff-9cf8-f6d6c1db3e41,90010,Los Angeles,CA
e6e78e97-1d94-4ea0-959e-a981a4d67bdc,19059,Philadelphia,PA
6ddb36df-37d3-4120-9118-1ac5f11f682f,75262,Dallas,TX
967daf59-8c5f-4a87-a80d-fdb87617b205,90090,Los Angeles,CA
91fd8032-28a9-4cb1-8d03-394524fc40a2,10068,New York,NY
27d5f882-9d9e-4b77-8b65-f8d4ea120916,75294,Dallas,TX
0efbef0d-d3bc-4979-bae5-8d637b054e57,95166,San Jose,CA
2a9c2190-bf1b-4601-a0d7-c2bd9a7eee23,85001,Phoenix,AZ
83253aa0-907b-4042-b827-68b4c246d88a,60004,Chicago,IL
f0da7e80-615a-4143-81bb-7fce3d2a13ad,90047,Los Angeles,CA
5f7d55bf-f169-4d4a-b05e-d7ce9ba73c5c,10068,New York,NY
8640966b-6292-4314-aec8-7aca93654edc,75216,Dallas,TX
15a2764b-55bb-49fc-8903-66efa8e5f64a,10037,New York,NY
17dc95fe-af9e-4a3b-bb18-67bbfec12afa,92197,San Diego,CA
c1112c5c-2554-4af8-baf8-e5f93bbb5c56,10071,New York,NY
36e4bdf2-6e22-4ef0-a40c-aad3ffcd9c3e,85059,Phoenix,AZ
5489ae93-baf7-45c9-ab1c-93db1799401e,60074,Chicago,IL
df20cd39-7dd7-4148-8fd1-1cacc3373d65,85063,Phoenix,AZ
23c2f0ec-95d8-40c3-939e-874cc025dfdc,85056,Phoenix,AZ
505863e8-9179-44d8-afac-8873f3c710da,77011,Houston,TX
203b1eba-67ef-4109-85fa-477b04ce2fa6,10046,New York,NY
84a53e29-319d-47e1-9710-598b7dd8a3f4,78240,San Antonio,TX
7615d706-78a4-4a1d-9224-387bfaf58576,77085,Houston,TX
de3e3b96-63a1-40b2-8efb-cd4461d0946d,60099,Chicago,IL
f4cc688e-5048-43d6-bf88-3a80a9d98b70,90084,Los Angeles,CA
0160400d-fc94-4ed5-88f1-f4f2f7b0595a,85086,Phoenix,AZ
89820b69-1087-411f-921b-b223c4d2e1f1,92111,San Diego,CA
f3c683d4-9a9c-4d41-b672-38c1f528193f,77052,Houston,TX
dc6bc17f-25ed-4a22-9d10-1f34c19d6c14,77045,Houston,TX
b3d89743-c103-46bb-8980-2ab8e60c9da9,75297,Dallas,TX
3074b37f-5fcc-4fd3-abe8-63db73cf5f84,92182,San Diego,CA
20251105-1aa8-4dcb-974b-98cf71f6ebef,75297,Dallas,TX
39a49548-5cf6-4185-844a-bb651ffb87ae,60067,Chicago,IL
b9c8eac3-27a7-4619-a052-b290086a408d,77044,Houston,TX
e5f41a82-3f9a-4680-af23-90e363f7f6ac,60055,Chicago,IL
fe9c13b0-2921-4903-8fde-b0fbf1a4d9e9,90056,Los Angeles,CA
3998e730-abfb-450c-b97a-310c3b11ffd2,90072,Los Angeles,CA
e4633688-089d-471b-923e-f5428b2fadac,60051,Chicago,IL
a2edbc4d-c281-4270-85f3-bfc2aa27b036,78201,San Antonio,TX
da69e3f5-30a3-447f-864a-ecf417df34a8,85080,Phoenix,AZ
f5cbad45-4fdf-4a4e-9304-16b2da620a94,77002,Houston,TX
eafbdb1d-476c-4baa-89fc-62f54f824396,60073,Chicago,IL
3402dc68-0424-4ab5-8c07-fa937a178fe8,77094,Houston,TX
06671302-9778-4fbd-8492-3bea5737e742,60058,Chicago,IL
a782b2b6-4d70-4d9f-8cf0-765df8166ca3,78277,San Antonio,TX
5cac616d-9e3b-4918-a599-7b8a1e7696b0,85087,Phoenix,AZ
26fcf327-6d79-48c5-9f95-6c27c781678c,75261,Dallas,TX
3f34ac3e-9703-4584-9d5d-32c791855a9d,77059,Houston,TX
a7808920-079b-45fe-ab98-de41438fcc04,90032,Los Angeles,CA
b2ec216f-47e0-41ea-a92d-0b46c5c54bce,85073,Phoenix,AZ
24ef154b-3ab6-4dfe-8c09-c1312d8c44a2,19079,Philadelphia,PA
203d6b94-a5bd-4d0d-92ec-d178f4252d85,78257,San Antonio,TX
ccfba8fa-d4d3-436d-8141-7344c8fe7e94,77042,Houston,TX
a1556c66-313e-4ffc-bf74-1ed8513799b7,10059,New York,NY
09d8d885-ce56-45da-af24-e7892e800041,75234,Dallas,TX
9b184a67-bb34-4a33-ac03-a284c846eb81,19076,Philadelphia,PA
9c76d1d0-d722-49fc-ae5f-50dafb5336a3,92102,San Diego,CA
ce385944-eacc-4351-b833-4c8079339f62,10027,New York,NY
3a59239f-7b0d-45ff-9088-a8ca84c9178b,92139,San Diego,CA
53ac06b7-95bf-4f11-a366-a0c6726e9ad0,75203,Dallas,TX
c36c1fa7-e437-4144-ba26-4fb44d46ebde,92108,San Diego,CA
d3d3de16-5c05-49c8-8dbd-7608b1b52934,75272,Dallas,TX
79fecec0-f720-4920-bb9c-21ee558b5c4f,78208,San Antonio,TX
7006b0a6-d6ec-4562-8fa1-10d34078548c,92186,San Diego,CA
9b21478c-fb3d-4cf4-b5f7-9cd5adcbc181,90005,Los Angeles,CA
e599a0d9-c38c-44c1-840c-80dfc4403cc6,90010,Los Angeles,CA
ad604c14-38c1-4b85-b644-4deaf69a9c75,75249,Dallas,TX
5d8c13d8-7f31-4717-8f17-7dcba29cbf32,10075,New York,NY
274690e9-1568-4d7f-84d5-11b24703ca47,92135,San Diego,CA
ac996b41-8647-4a53-8e91-3a40b2ba6705,60078,Chicago,IL
938ae690-f8b1-43bd-98f4-be83a549cbdb,10081,New York,NY
6bd3179a-3cdc-4a9f-8d87-f165412d3893,78205,San Antonio,TX
03ddd617-802c-47a4-99bd-64ba5819e06a,85088,Phoenix,AZ
6ae1ba6c-52de-4c13-a445-696318debe71,90051,Los Angeles,CA
30ac785b-4190-4136-bb1d-f7f9029d06c4,75241,Dallas,TX
ecccec63-6c5b-40eb-902e-53f30e9ea22c,10030,New York,NY
51d03961-9117-4ff1-b591-a536d15e49b6,90097,Los Angeles,CA
62b67842-c51e-493d-aab3-4913c96d59cc,95149,San Jose,CA
47b0f15f-cb4f-400f-9d2d-470f454bc06f,78255,San Antonio,TX
5c781cba-fde8-4204-bf7c-3bf9c3013fb3,75259,Dallas,TX
a048aca3-d749-4479-95da-8ce852b3b6f4,19026,Philadelphia,PA
6df30f81-d053-4549-ab50-d5937806e4d9,77026,Houston,TX
a6c43d72-0a12-4ded-8d8c-0ac319967034,92141,San Diego,CA
813bc7ac-f117-450d-a2fa-7bfce37e54df,90063,Los Angeles,CA
283dfb60-35ef-4ecb-a2c1-26d7ba7cb53d,92155,San Diego,CA
f48eef66-0496-4179-acc2-7e65b0e0b104,85078,Phoenix,AZ
90151d75-2e96-4c9d-bc0c-55d14e2a580e,75226,Dallas,TX
cb421c70-754f-4031-8dd1-b2f1541f67e4,77092,Houston,TX
0f7f42e7-beef-4651-bf2f-286d2279e5df,90075,Los Angeles,CA
61c8a034-516c-4d5d-9108-e1627280be9c,77025,Houston,TX
23cbb59c-163f-4146-9602-21191f45461a,19087,Philadelphia,PA
6b2d9897-6d0c-46a1-9cfe-5f086406ade7,75242,Dallas,TX
8b128b18-2d40-4cf3-b9c8-06c935cc1b5a,78263,San Antonio,TX
b680b608-4d27-4701-9a57-dcc4a8cd1d92,95198,San Jose,CA
53635311-60be-4ad0-ab24-c7f37723e957,90050,Los Angeles,CA
c020d6cf-dce2-42f1-b057-847fa8e0a3f2,10040,New York,NY
85aa6947-812e-4ab0-b07e-cb2bcb05f703,90079,Los Angeles,CA
60d2bd7f-82cf-4588-ad04-dd5e24b51d17,77017,Houston,TX
08044355-64e0-4052-9a21-8939f8550121,60043,Chicago,IL
b58813f0-8fcc-4180-b608-b12f7f3c88bb,90042,Los Angeles,CA
b6c8ea9f-3283-4a25-ab73-59ad637d88a4,19091,Philadelphia,PA
3ccd891d-1c52-416c-b4ee-a5b99426673c,19017,Philadelphia,PA
1c7a1a5f-02ad-4bde-aeb6-25d82a786dcb,92182,San Diego,CA
